,Binomial distribution
0,2
1,2
2,1
3,1
4,3
5,3
6,2
7,0
8,2
9,3
10,4
11,4
12,3
13,1
14,4
15,2
16,2
17,3
18,2
19,3
20,2
21,2
22,2
23,3
24,3
25,3
26,2
27,3
28,2
29,3
30,0
31,2
32,1
33,1
34,3
35,1
36,2
37,3
38,4
39,3
40,3
41,1
42,1
43,2
44,2
45,2
46,2
47,1
48,3
49,2
50,3
51,3
52,1
53,1
54,2
55,3
56,2
57,2
58,1
59,0
60,3
61,2
62,2
63,3
64,2
65,1
66,3
67,2
68,2
69,4
70,2
71,1
72,2
73,3
74,2
75,2
76,4
77,3
78,3
79,2
80,2
81,2
82,3
83,3
84,1
85,2
86,0
87,1
88,1
89,3
90,3
91,2
92,1
93,3
94,1
95,1
96,3
97,2
98,3
99,3
100,3
101,3
102,1
103,1
104,2
105,3
106,3
107,4
108,0
109,2
110,4
111,2
112,4
113,2
114,2
115,1
116,3
117,3
118,3
119,2
120,3
121,2
122,3
123,3
124,1
125,3
126,2
127,2
128,1
129,1
130,1
131,1
132,2
133,4
134,3
135,4
136,2
137,1
138,2
139,2
140,4
141,1
142,0
143,4
144,1
145,1
146,3
147,1
148,2
149,0
150,2
151,2
152,1
153,4
154,3
155,2
156,2
157,1
158,3
159,3
160,3
161,2
162,3
163,2
164,0
165,2
166,2
167,1
168,0
169,4
170,0
171,2
172,1
173,4
174,1
175,1
176,2
177,4
178,2
179,2
180,1
181,2
182,2
183,2
184,2
185,1
186,0
187,3
188,3
189,3
190,2
191,1
192,2
193,3
194,2
195,1
196,1
197,2
198,2
199,4
200,1
201,0
202,2
203,1
204,3
205,1
206,1
207,3
208,1
209,2
210,1
211,2
212,4
213,3
214,4
215,1
216,3
217,4
218,3
219,3
220,1
221,1
222,2
223,2
224,0
225,2
226,2
227,3
228,2
229,1
230,0
231,1
232,4
233,2
234,0
235,2
236,3
237,2
238,2
239,3
240,2
241,2
242,3
243,3
244,4
245,1
246,1
247,1
248,2
249,0
250,4
251,3
252,1
253,2
254,2
255,4
256,1
257,3
258,2
259,2
260,3
261,2
262,1
263,3
264,2
265,2
266,2
267,1
268,3
269,4
270,2
271,2
272,1
273,2
274,2
275,3
276,2
277,2
278,2
279,2
280,3
281,3
282,1
283,3
284,4
285,2
286,2
287,3
288,2
289,3
290,3
291,3
292,2
293,3
294,1
295,3
296,1
297,3
298,3
299,3
300,1
301,2
302,2
303,0
304,3
305,2
306,1
307,2
308,2
309,3
310,3
311,3
312,0
313,1
314,1
315,4
316,3
317,1
318,2
319,3
320,2
321,2
322,4
323,2
324,2
325,4
326,3
327,2
328,2
329,2
330,1
331,1
332,4
333,2
334,1
335,2
336,3
337,2
338,0
339,2
340,3
341,1
342,3
343,3
344,1
345,0
346,0
347,2
348,2
349,2
350,1
351,1
352,3
353,3
354,4
355,3
356,2
357,1
358,1
359,2
360,1
361,2
362,3
363,3
364,4
365,1
366,0
367,1
368,3
369,3
370,3
371,3
372,2
373,3
374,3
375,1
376,2
377,2
378,1
379,3
380,3
381,2
382,2
383,2
384,2
385,2
386,1
387,1
388,3
389,2
390,1
391,2
392,4
393,2
394,3
395,3
396,3
397,3
398,3
399,3
400,2
401,2
402,2
403,4
404,3
405,1
406,2
407,2
408,3
409,2
410,1
411,2
412,2
413,2
414,2
415,0
416,2
417,3
418,2
419,3
420,2
421,3
422,1
423,1
424,3
425,1
426,1
427,0
428,1
429,3
430,1
431,2
432,2
433,2
434,1
435,2
436,2
437,2
438,2
439,3
440,2
441,3
442,2
443,3
444,1
445,2
446,3
447,2
448,2
449,2
450,3
451,3
452,1
453,2
454,2
455,3
456,1
457,2
458,3
459,3
460,3
461,2
462,3
463,4
464,3
465,2
466,3
467,1
468,3
469,3
470,2
471,2
472,2
473,0
474,2
475,3
476,2
477,2
478,1
479,1
480,1
481,0
482,2
483,0
484,1
485,2
486,2
487,2
488,3
489,2
490,3
491,1
492,4
493,2
494,0
495,2
496,2
497,3
498,2
499,0
500,3
501,3
502,2
503,3
504,4
505,2
506,2
507,1
508,4
509,1
510,3
511,2
512,4
513,3
514,3
515,1
516,2
517,3
518,4
519,4
520,2
521,4
522,2
523,2
524,2
525,3
526,1
527,2
528,3
529,2
530,1
531,3
532,1
533,2
534,3
535,1
536,2
537,2
538,2
539,1
540,2
541,2
542,2
543,2
544,3
545,1
546,1
547,1
548,3
549,0
550,3
551,1
552,3
553,1
554,3
555,3
556,1
557,2
558,1
559,1
560,1
561,1
562,1
563,2
564,3
565,1
566,2
567,2
568,1
569,2
570,2
571,1
572,1
573,2
574,2
575,1
576,2
577,3
578,3
579,3
580,2
581,1
582,2
583,0
584,2
585,2
586,1
587,4
588,2
589,3
590,2
591,0
592,2
593,2
594,2
595,3
596,2
597,1
598,2
599,1
600,3
601,1
602,2
603,0
604,2
605,3
606,3
607,1
608,2
609,3
610,4
611,3
612,3
613,1
614,1
615,1
616,1
617,1
618,3
619,3
620,2
621,3
622,3
623,1
624,2
625,3
626,2
627,3
628,3
629,2
630,1
631,3
632,2
633,2
634,1
635,2
636,3
637,1
638,3
639,3
640,2
641,2
642,1
643,2
644,1
645,3
646,1
647,1
648,2
649,2
650,1
651,3
652,1
653,2
654,2
655,1
656,2
657,2
658,3
659,2
660,1
661,0
662,2
663,1
664,1
665,1
666,2
667,1
668,2
669,4
670,3
671,0
672,2
673,2
674,2
675,2
676,4
677,0
678,2
679,2
680,1
681,1
682,2
683,1
684,3
685,1
686,1
687,4
688,0
689,1
690,1
691,3
692,1
693,1
694,2
695,3
696,1
697,2
698,2
699,2
700,1
701,3
702,2
703,2
704,2
705,2
706,2
707,2
708,3
709,1
710,3
711,2
712,3
713,3
714,2
715,2
716,2
717,2
718,1
719,4
720,3
721,2
722,4
723,2
724,1
725,3
726,2
727,1
728,2
729,2
730,1
731,1
732,1
733,0
734,2
735,3
736,2
737,3
738,2
739,1
740,1
741,1
742,2
743,3
744,3
745,1
746,2
747,1
748,2
749,0
750,1
751,1
752,4
753,0
754,2
755,3
756,3
757,1
758,4
759,1
760,2
761,1
762,2
763,3
764,1
765,0
766,0
767,3
768,1
769,3
770,1
771,2
772,1
773,2
774,2
775,3
776,2
777,1
778,2
779,2
780,2
781,2
782,1
783,4
784,2
785,1
786,1
787,1
788,2
789,2
790,3
791,3
792,3
793,0
794,1
795,4
796,3
797,2
798,0
799,3
800,1
801,2
802,1
803,2
804,2
805,0
806,4
807,1
808,2
809,4
810,2
811,3
812,2
813,0
814,2
815,1
816,2
817,1
818,3
819,1
820,1
821,0
822,4
823,1
824,2
825,3
826,2
827,2
828,2
829,2
830,1
831,2
832,2
833,0
834,2
835,3
836,1
837,1
838,3
839,3
840,0
841,4
842,2
843,3
844,3
845,2
846,1
847,2
848,1
849,2
850,1
851,1
852,2
853,2
854,2
855,2
856,3
857,1
858,4
859,4
860,2
861,3
862,1
863,1
864,2
865,1
866,0
867,2
868,1
869,1
870,3
871,1
872,2
873,2
874,2
875,2
876,0
877,3
878,0
879,2
880,2
881,3
882,3
883,2
884,2
885,3
886,3
887,1
888,2
889,2
890,1
891,2
892,2
893,3
894,3
895,1
896,2
897,4
898,1
899,3
900,2
901,2
902,2
903,2
904,3
905,3
906,3
907,2
908,2
909,3
910,1
911,1
912,3
913,1
914,1
915,2
916,2
917,2
918,3
919,1
920,2
921,3
922,2
923,2
924,1
925,1
926,2
927,1
928,3
929,2
930,3
931,2
932,2
933,3
934,2
935,2
936,2
937,4
938,2
939,1
940,1
941,3
942,2
943,2
944,1
945,2
946,2
947,2
948,2
949,2
950,4
951,3
952,1
953,2
954,1
955,3
956,1
957,3
958,2
959,2
960,4
961,0
962,2
963,1
964,1
965,3
966,1
967,1
968,3
969,1
970,1
971,3
972,1
973,3
974,2
975,4
976,2
977,1
978,4
979,1
980,2
981,0
982,3
983,1
984,2
985,3
986,2
987,2
988,3
989,2
990,2
991,2
992,2
993,3
994,1
995,2
996,0
997,2
998,2
999,1
1000,2
1001,2
1002,1
1003,1
1004,2
1005,3
1006,1
1007,3
1008,2
1009,0
1010,2
1011,3
1012,3
1013,1
1014,1
1015,3
1016,3
1017,2
1018,2
1019,3
1020,4
1021,1
1022,2
1023,3
1024,2
1025,2
1026,3
1027,4
1028,3
1029,3
1030,0
1031,2
1032,2
1033,1
1034,2
1035,2
1036,3
1037,1
1038,3
1039,1
1040,2
1041,3
1042,3
1043,3
1044,2
1045,3
1046,3
1047,3
1048,2
1049,2
1050,2
1051,4
1052,2
1053,2
1054,2
1055,1
1056,1
1057,0
1058,3
1059,3
1060,4
1061,2
1062,2
1063,2
1064,2
1065,2
1066,2
1067,1
1068,3
1069,3
1070,1
1071,3
1072,3
1073,3
1074,2
1075,1
1076,0
1077,2
1078,1
1079,3
1080,2
1081,1
1082,1
1083,3
1084,1
1085,1
1086,1
1087,2
1088,2
1089,2
1090,1
1091,1
1092,1
1093,1
1094,1
1095,4
1096,2
1097,2
1098,1
1099,2
1100,2
1101,3
1102,4
1103,2
1104,4
1105,3
1106,2
1107,1
1108,3
1109,2
1110,2
1111,3
1112,1
1113,3
1114,2
1115,2
1116,3
1117,0
1118,1
1119,1
1120,2
1121,1
1122,3
1123,1
1124,1
1125,2
1126,1
1127,2
1128,2
1129,3
1130,3
1131,2
1132,1
1133,3
1134,1
1135,0
1136,3
1137,1
1138,2
1139,4
1140,2
1141,1
1142,2
1143,2
1144,1
1145,1
1146,4
1147,0
1148,3
1149,1
1150,3
1151,2
1152,3
1153,1
1154,1
1155,3
1156,1
1157,3
1158,1
1159,2
1160,4
1161,2
1162,2
1163,3
1164,1
1165,2
1166,0
1167,2
1168,4
1169,2
1170,2
1171,1
1172,2
1173,3
1174,3
1175,2
1176,1
1177,4
1178,2
1179,1
1180,0
1181,3
1182,2
1183,2
1184,2
1185,4
1186,3
1187,2
1188,2
1189,2
1190,3
1191,2
1192,0
1193,1
1194,3
1195,3
1196,1
1197,3
1198,2
1199,2
1200,2
1201,3
1202,1
1203,2
1204,0
1205,3
1206,2
1207,3
1208,1
1209,2
1210,0
1211,2
1212,3
1213,1
1214,2
1215,1
1216,2
1217,3
1218,1
1219,1
1220,3
1221,1
1222,1
1223,2
1224,3
1225,3
1226,3
1227,2
1228,2
1229,2
1230,2
1231,3
1232,2
1233,3
1234,3
1235,2
1236,1
1237,3
1238,2
1239,1
1240,2
1241,2
1242,3
1243,1
1244,2
1245,3
1246,3
1247,3
1248,0
1249,1
1250,2
1251,1
1252,3
1253,3
1254,0
1255,2
1256,3
1257,3
1258,1
1259,2
1260,2
1261,1
1262,3
1263,1
1264,3
1265,3
1266,1
1267,3
1268,3
1269,2
1270,2
1271,1
1272,1
1273,3
1274,0
1275,1
1276,2
1277,0
1278,1
1279,3
1280,1
1281,2
1282,2
1283,3
1284,1
1285,1
1286,2
1287,2
1288,3
1289,1
1290,1
1291,2
1292,1
1293,1
1294,3
1295,3
1296,2
1297,2
1298,2
1299,2
1300,1
1301,1
1302,2
1303,1
1304,4
1305,2
1306,3
1307,3
1308,2
1309,3
1310,2
1311,3
1312,2
1313,3
1314,3
1315,3
1316,3
1317,1
1318,2
1319,2
1320,3
1321,4
1322,2
1323,2
1324,3
1325,3
1326,2
1327,2
1328,2
1329,3
1330,1
1331,4
1332,1
1333,1
1334,1
1335,2
1336,3
1337,3
1338,2
1339,2
1340,0
1341,2
1342,0
1343,3
1344,2
1345,2
1346,2
1347,2
1348,3
1349,3
1350,3
1351,2
1352,3
1353,1
1354,4
1355,4
1356,2
1357,1
1358,3
1359,3
1360,1
1361,2
1362,1
1363,2
1364,1
1365,3
1366,3
1367,3
1368,1
1369,3
1370,2
1371,2
1372,2
1373,3
1374,2
1375,2
1376,2
1377,2
1378,2
1379,2
1380,1
1381,1
1382,2
1383,2
1384,2
1385,4
1386,2
1387,2
1388,3
1389,0
1390,1
1391,2
1392,2
1393,4
1394,0
1395,1
1396,3
1397,4
1398,2
1399,1
1400,2
1401,4
1402,0
1403,0
1404,0
1405,2
1406,1
1407,2
1408,0
1409,2
1410,1
1411,4
1412,3
1413,1
1414,3
1415,3
1416,1
1417,3
1418,0
1419,3
1420,2
1421,1
1422,3
1423,1
1424,1
1425,1
1426,1
1427,2
1428,2
1429,2
1430,0
1431,3
1432,2
1433,1
1434,3
1435,2
1436,2
1437,0
1438,2
1439,3
1440,2
1441,2
1442,2
1443,2
1444,2
1445,3
1446,1
1447,3
1448,4
1449,1
1450,3
1451,1
1452,4
1453,1
1454,1
1455,2
1456,3
1457,1
1458,2
1459,3
1460,1
1461,2
1462,2
1463,1
1464,2
1465,2
1466,2
1467,2
1468,3
1469,2
1470,3
1471,3
1472,3
1473,1
1474,3
1475,2
1476,2
1477,1
1478,2
1479,2
1480,0
1481,1
1482,2
1483,2
1484,3
1485,2
1486,3
1487,3
1488,1
1489,2
1490,3
1491,2
1492,3
1493,4
1494,4
1495,1
1496,0
1497,4
1498,0
1499,2
1500,4
1501,0
1502,0
1503,4
1504,3
1505,2
1506,3
1507,2
1508,3
1509,2
1510,2
1511,1
1512,3
1513,2
1514,1
1515,1
1516,1
1517,0
1518,2
1519,2
1520,2
1521,2
1522,4
1523,2
1524,2
1525,3
1526,1
1527,3
1528,1
1529,1
1530,2
1531,2
1532,2
1533,2
1534,1
1535,2
1536,1
1537,2
1538,3
1539,2
1540,1
1541,3
1542,2
1543,1
1544,3
1545,2
1546,3
1547,1
1548,1
1549,3
1550,2
1551,0
1552,3
1553,2
1554,1
1555,3
1556,2
1557,2
1558,2
1559,1
1560,0
1561,2
1562,3
1563,2
1564,3
1565,0
1566,2
1567,1
1568,0
1569,3
1570,2
1571,3
1572,1
1573,2
1574,3
1575,2
1576,0
1577,3
1578,3
1579,1
1580,2
1581,2
1582,2
1583,0
1584,3
1585,1
1586,2
1587,2
1588,3
1589,3
1590,0
1591,3
1592,0
1593,2
1594,0
1595,2
1596,3
1597,1
1598,0
1599,2
1600,1
1601,2
1602,3
1603,4
1604,4
1605,3
1606,0
1607,2
1608,2
1609,2
1610,4
1611,1
1612,2
1613,2
1614,3
1615,3
1616,3
1617,1
1618,2
1619,3
1620,2
1621,2
1622,1
1623,3
1624,1
1625,2
1626,1
1627,1
1628,0
1629,1
1630,2
1631,2
1632,1
1633,0
1634,1
1635,2
1636,0
1637,2
1638,4
1639,1
1640,2
1641,2
1642,2
1643,2
1644,3
1645,0
1646,2
1647,3
1648,2
1649,1
1650,2
1651,3
1652,3
1653,1
1654,2
1655,2
1656,1
1657,1
1658,1
1659,2
1660,1
1661,3
1662,1
1663,3
1664,3
1665,3
1666,2
1667,2
1668,3
1669,1
1670,1
1671,4
1672,3
1673,3
1674,2
1675,1
1676,1
1677,1
1678,3
1679,1
1680,3
1681,2
1682,1
1683,3
1684,1
1685,1
1686,2
1687,2
1688,1
1689,2
1690,4
1691,3
1692,4
1693,3
1694,1
1695,1
1696,2
1697,2
1698,0
1699,2
1700,2
1701,2
1702,3
1703,2
1704,2
1705,2
1706,4
1707,2
1708,2
1709,3
1710,3
1711,3
1712,0
1713,1
1714,1
1715,2
1716,2
1717,1
1718,1
1719,2
1720,1
1721,2
1722,1
1723,4
1724,1
1725,1
1726,2
1727,2
1728,3
1729,3
1730,1
1731,3
1732,2
1733,3
1734,3
1735,1
1736,3
1737,0
1738,2
1739,2
1740,3
1741,3
1742,2
1743,3
1744,1
1745,1
1746,3
1747,1
1748,1
1749,3
1750,2
1751,2
1752,2
1753,4
1754,4
1755,1
1756,2
1757,2
1758,2
1759,1
1760,0
1761,3
1762,1
1763,0
1764,1
1765,1
1766,2
1767,1
1768,2
1769,2
1770,3
1771,3
1772,1
1773,2
1774,2
1775,2
1776,2
1777,1
1778,0
1779,2
1780,2
1781,4
1782,1
1783,2
1784,3
1785,2
1786,2
1787,2
1788,1
1789,1
1790,0
1791,3
1792,2
1793,1
1794,2
1795,2
1796,2
1797,2
1798,0
1799,0
1800,0
1801,2
1802,2
1803,3
1804,2
1805,2
1806,2
1807,2
1808,2
1809,1
1810,3
1811,1
1812,2
1813,1
1814,3
1815,2
1816,1
1817,3
1818,1
1819,3
1820,1
1821,1
1822,1
1823,3
1824,3
1825,3
1826,2
1827,1
1828,0
1829,1
1830,4
1831,1
1832,2
1833,0
1834,0
1835,3
1836,3
1837,3
1838,2
1839,2
1840,3
1841,2
1842,2
1843,3
1844,3
1845,0
1846,2
1847,2
1848,2
1849,2
1850,2
1851,1
1852,3
1853,3
1854,2
1855,3
1856,3
1857,2
1858,2
1859,3
1860,1
1861,2
1862,1
1863,3
1864,3
1865,1
1866,1
1867,3
1868,2
1869,2
1870,0
1871,0
1872,4
1873,1
1874,1
1875,3
1876,1
1877,3
1878,2
1879,3
1880,2
1881,0
1882,1
1883,2
1884,2
1885,2
1886,2
1887,2
1888,2
1889,0
1890,3
1891,3
1892,2
1893,3
1894,1
1895,3
1896,3
1897,3
1898,2
1899,2
1900,2
1901,2
1902,4
1903,2
1904,3
1905,2
1906,1
1907,2
1908,1
1909,1
1910,2
1911,2
1912,1
1913,4
1914,2
1915,3
1916,2
1917,2
1918,4
1919,2
1920,2
1921,2
1922,3
1923,3
1924,1
1925,2
1926,2
1927,3
1928,3
1929,0
1930,3
1931,2
1932,3
1933,2
1934,3
1935,1
1936,2
1937,2
1938,1
1939,4
1940,4
1941,1
1942,2
1943,2
1944,3
1945,3
1946,3
1947,0
1948,2
1949,2
1950,1
1951,3
1952,1
1953,3
1954,3
1955,0
1956,1
1957,2
1958,3
1959,2
1960,0
1961,3
1962,1
1963,3
1964,2
1965,2
1966,2
1967,2
1968,2
1969,2
1970,2
1971,2
1972,3
1973,2
1974,1
1975,4
1976,1
1977,1
1978,1
1979,2
1980,2
1981,4
1982,2
1983,1
1984,3
1985,3
1986,2
1987,3
1988,4
1989,2
1990,0
1991,2
1992,2
1993,0
1994,2
1995,1
1996,3
1997,4
1998,4
1999,2
2000,1
2001,1
2002,2
2003,0
2004,4
2005,3
2006,3
2007,2
2008,2
2009,2
2010,1
2011,2
2012,2
2013,4
2014,1
2015,3
2016,0
2017,4
2018,2
2019,1
2020,0
2021,1
2022,2
2023,2
2024,1
2025,3
2026,2
2027,2
2028,3
2029,2
2030,3
2031,1
2032,2
2033,2
2034,1
2035,2
2036,3
2037,0
2038,1
2039,1
2040,3
2041,2
2042,3
2043,1
2044,2
2045,2
2046,1
2047,3
2048,2
2049,2
2050,2
2051,1
2052,1
2053,2
2054,2
2055,3
2056,2
2057,1
2058,2
2059,2
2060,2
2061,3
2062,3
2063,2
2064,3
2065,1
2066,3
2067,3
2068,2
2069,0
2070,3
2071,2
2072,2
2073,2
2074,1
2075,2
2076,1
2077,2
2078,1
2079,2
2080,2
2081,1
2082,3
2083,3
2084,1
2085,4
2086,1
2087,3
2088,0
2089,1
2090,3
2091,0
2092,1
2093,0
2094,2
2095,3
2096,3
2097,3
2098,2
2099,3
2100,2
2101,2
2102,3
2103,4
2104,2
2105,3
2106,2
2107,3
2108,1
2109,3
2110,1
2111,3
2112,1
2113,2
2114,2
2115,3
2116,0
2117,1
2118,3
2119,0
2120,2
2121,1
2122,1
2123,3
2124,3
2125,2
2126,1
2127,3
2128,1
2129,2
2130,0
2131,1
2132,1
2133,3
2134,3
2135,2
2136,4
2137,1
2138,1
2139,2
2140,3
2141,1
2142,3
2143,1
2144,1
2145,2
2146,1
2147,1
2148,0
2149,0
2150,2
2151,3
2152,3
2153,1
2154,3
2155,1
2156,2
2157,3
2158,1
2159,2
2160,2
2161,4
2162,1
2163,1
2164,2
2165,3
2166,2
2167,1
2168,2
2169,1
2170,3
2171,3
2172,1
2173,2
2174,3
2175,3
2176,2
2177,2
2178,1
2179,1
2180,1
2181,1
2182,2
2183,3
2184,3
2185,0
2186,1
2187,1
2188,2
2189,1
2190,3
2191,4
2192,3
2193,2
2194,1
2195,3
2196,2
2197,2
2198,1
2199,0
2200,1
2201,1
2202,1
2203,3
2204,1
2205,2
2206,1
2207,1
2208,2
2209,1
2210,3
2211,3
2212,2
2213,2
2214,2
2215,1
2216,2
2217,3
2218,3
2219,1
2220,1
2221,2
2222,3
2223,3
2224,2
2225,3
2226,2
2227,3
2228,3
2229,2
2230,2
2231,2
2232,1
2233,2
2234,2
2235,3
2236,2
2237,2
2238,2
2239,2
2240,2
2241,3
2242,2
2243,3
2244,2
2245,1
2246,3
2247,2
2248,3
2249,2
2250,2
2251,2
2252,0
2253,0
2254,1
2255,0
2256,1
2257,1
2258,3
2259,1
2260,2
2261,1
2262,2
2263,3
2264,0
2265,3
2266,1
2267,3
2268,2
2269,3
2270,3
2271,2
2272,0
2273,2
2274,3
2275,4
2276,2
2277,1
2278,2
2279,1
2280,3
2281,2
2282,4
2283,3
2284,3
2285,3
2286,2
2287,4
2288,2
2289,2
2290,2
2291,3
2292,2
2293,2
2294,3
2295,3
2296,1
2297,3
2298,2
2299,2
2300,0
2301,2
2302,3
2303,1
2304,2
2305,1
2306,2
2307,3
2308,2
2309,3
2310,1
2311,1
2312,0
2313,1
2314,2
2315,1
2316,1
2317,2
2318,2
2319,1
2320,2
2321,2
2322,3
2323,2
2324,1
2325,3
2326,4
2327,1
2328,3
2329,3
2330,1
2331,2
2332,4
2333,3
2334,3
2335,2
2336,2
2337,2
2338,1
2339,2
2340,1
2341,2
2342,3
2343,3
2344,1
2345,2
2346,1
2347,4
2348,2
2349,1
2350,2
2351,1
2352,2
2353,2
2354,4
2355,1
2356,1
2357,2
2358,1
2359,0
2360,0
2361,4
2362,1
2363,1
2364,2
2365,4
2366,3
2367,1
2368,2
2369,3
2370,1
2371,4
2372,2
2373,2
2374,2
2375,3
2376,0
2377,2
2378,1
2379,2
2380,3
2381,2
2382,1
2383,1
2384,2
2385,2
2386,3
2387,1
2388,2
2389,3
2390,1
2391,1
2392,2
2393,2
2394,2
2395,3
2396,2
2397,3
2398,2
2399,2
2400,1
2401,2
2402,1
2403,2
2404,3
2405,1
2406,1
2407,3
2408,2
2409,1
2410,1
2411,1
2412,2
2413,1
2414,1
2415,2
2416,2
2417,2
2418,1
2419,0
2420,1
2421,0
2422,2
2423,3
2424,1
2425,3
2426,2
2427,3
2428,2
2429,4
2430,1
2431,0
2432,1
2433,3
2434,3
2435,3
2436,3
2437,0
2438,0
2439,2
2440,3
2441,4
2442,1
2443,4
2444,1
2445,1
2446,0
2447,1
2448,3
2449,1
2450,3
2451,1
2452,2
2453,1
2454,3
2455,1
2456,3
2457,1
2458,3
2459,2
2460,1
2461,2
2462,4
2463,1
2464,3
2465,1
2466,2
2467,2
2468,3
2469,3
2470,2
2471,3
2472,2
2473,3
2474,2
2475,2
2476,1
2477,2
2478,3
2479,1
2480,2
2481,1
2482,2
2483,3
2484,0
2485,2
2486,2
2487,2
2488,1
2489,2
2490,1
2491,2
2492,4
2493,3
2494,1
2495,2
2496,3
2497,1
2498,1
2499,3
2500,3
2501,4
2502,2
2503,2
2504,3
2505,3
2506,2
2507,1
2508,1
2509,2
2510,2
2511,1
2512,1
2513,2
2514,0
2515,2
2516,2
2517,3
2518,3
2519,1
2520,2
2521,4
2522,0
2523,3
2524,2
2525,4
2526,3
2527,4
2528,0
2529,2
2530,2
2531,2
2532,3
2533,3
2534,0
2535,3
2536,3
2537,2
2538,2
2539,2
2540,2
2541,2
2542,1
2543,0
2544,2
2545,2
2546,0
2547,3
2548,1
2549,0
2550,3
2551,0
2552,1
2553,2
2554,4
2555,2
2556,1
2557,2
2558,2
2559,2
2560,2
2561,3
2562,2
2563,3
2564,2
2565,1
2566,3
2567,2
2568,1
2569,3
2570,2
2571,4
2572,2
2573,3
2574,1
2575,2
2576,3
2577,3
2578,4
2579,1
2580,2
2581,2
2582,3
2583,4
2584,4
2585,1
2586,2
2587,2
2588,2
2589,3
2590,3
2591,1
2592,3
2593,2
2594,3
2595,1
2596,1
2597,1
2598,3
2599,1
2600,2
2601,1
2602,2
2603,1
2604,2
2605,1
2606,3
2607,1
2608,3
2609,2
2610,0
2611,2
2612,3
2613,0
2614,3
2615,2
2616,2
2617,1
2618,2
2619,2
2620,2
2621,2
2622,1
2623,2
2624,2
2625,2
2626,2
2627,3
2628,2
2629,4
2630,3
2631,1
2632,3
2633,0
2634,3
2635,3
2636,2
2637,4
2638,3
2639,2
2640,2
2641,2
2642,4
2643,1
2644,3
2645,2
2646,3
2647,1
2648,2
2649,4
2650,2
2651,3
2652,1
2653,2
2654,2
2655,2
2656,4
2657,2
2658,1
2659,1
2660,2
2661,2
2662,1
2663,2
2664,4
2665,2
2666,3
2667,2
2668,3
2669,1
2670,2
2671,1
2672,3
2673,1
2674,3
2675,1
2676,3
2677,2
2678,1
2679,3
2680,1
2681,2
2682,3
2683,0
2684,2
2685,1
2686,2
2687,3
2688,2
2689,3
2690,2
2691,4
2692,2
2693,2
2694,3
2695,3
2696,1
2697,2
2698,2
2699,3
2700,3
2701,1
2702,1
2703,2
2704,2
2705,2
2706,1
2707,2
2708,0
2709,1
2710,1
2711,2
2712,1
2713,2
2714,1
2715,0
2716,3
2717,2
2718,1
2719,3
2720,3
2721,2
2722,3
2723,2
2724,1
2725,2
2726,2
2727,1
2728,4
2729,2
2730,4
2731,2
2732,1
2733,3
2734,1
2735,3
2736,2
2737,1
2738,1
2739,2
2740,3
2741,2
2742,1
2743,1
2744,1
2745,4
2746,2
2747,1
2748,2
2749,1
2750,2
2751,3
2752,1
2753,2
2754,3
2755,2
2756,3
2757,3
2758,2
2759,3
2760,2
2761,2
2762,0
2763,2
2764,3
2765,1
2766,4
2767,2
2768,3
2769,1
2770,3
2771,1
2772,3
2773,3
2774,2
2775,2
2776,3
2777,2
2778,0
2779,3
2780,2
2781,1
2782,1
2783,4
2784,1
2785,2
2786,3
2787,2
2788,2
2789,1
2790,1
2791,1
2792,3
2793,2
2794,1
2795,1
2796,3
2797,3
2798,2
2799,2
2800,3
2801,0
2802,1
2803,1
2804,1
2805,2
2806,2
2807,1
2808,1
2809,2
2810,2
2811,1
2812,1
2813,2
2814,2
2815,0
2816,1
2817,3
2818,3
2819,3
2820,3
2821,3
2822,3
2823,3
2824,4
2825,2
2826,2
2827,2
2828,1
2829,3
2830,1
2831,1
2832,3
2833,1
2834,2
2835,2
2836,2
2837,2
2838,4
2839,2
2840,1
2841,2
2842,3
2843,2
2844,2
2845,1
2846,2
2847,4
2848,3
2849,3
2850,1
2851,1
2852,3
2853,3
2854,2
2855,2
2856,1
2857,1
2858,3
2859,1
2860,1
2861,3
2862,1
2863,2
2864,1
2865,2
2866,3
2867,4
2868,3
2869,2
2870,2
2871,1
2872,1
2873,1
2874,2
2875,2
2876,1
2877,4
2878,2
2879,3
2880,2
2881,1
2882,2
2883,0
2884,2
2885,2
2886,1
2887,2
2888,2
2889,1
2890,3
2891,3
2892,3
2893,2
2894,3
2895,1
2896,2
2897,3
2898,2
2899,3
2900,3
2901,1
2902,1
2903,2
2904,1
2905,3
2906,1
2907,2
2908,2
2909,2
2910,2
2911,2
2912,2
2913,3
2914,1
2915,2
2916,3
2917,2
2918,2
2919,3
2920,2
2921,2
2922,1
2923,3
2924,3
2925,1
2926,1
2927,3
2928,1
2929,1
2930,2
2931,3
2932,2
2933,1
2934,1
2935,2
2936,1
2937,3
2938,1
2939,3
2940,0
2941,3
2942,3
2943,1
2944,2
2945,3
2946,2
2947,3
2948,3
2949,2
2950,1
2951,2
2952,3
2953,1
2954,3
2955,2
2956,0
2957,3
2958,1
2959,3
2960,2
2961,1
2962,2
2963,2
2964,2
2965,1
2966,3
2967,1
2968,0
2969,4
2970,1
2971,1
2972,4
2973,2
2974,1
2975,3
2976,4
2977,2
2978,4
2979,1
2980,1
2981,2
2982,1
2983,1
2984,1
2985,1
2986,3
2987,2
2988,2
2989,4
2990,2
2991,1
2992,3
2993,4
2994,2
2995,2
2996,0
2997,2
2998,2
2999,2
3000,2
3001,0
3002,1
3003,2
3004,4
3005,2
3006,2
3007,2
3008,2
3009,2
3010,2
3011,4
3012,3
3013,3
3014,1
3015,1
3016,1
3017,2
3018,3
3019,3
3020,3
3021,1
3022,1
3023,1
3024,0
3025,3
3026,3
3027,1
3028,1
3029,3
3030,0
3031,3
3032,2
3033,1
3034,2
3035,2
3036,3
3037,3
3038,0
3039,0
3040,1
3041,3
3042,4
3043,2
3044,2
3045,2
3046,0
3047,0
3048,4
3049,4
3050,1
3051,0
3052,3
3053,2
3054,2
3055,0
3056,3
3057,2
3058,3
3059,3
3060,3
3061,2
3062,1
3063,3
3064,3
3065,1
3066,2
3067,3
3068,0
3069,3
3070,3
3071,2
3072,4
3073,2
3074,2
3075,1
3076,1
3077,3
3078,1
3079,4
3080,1
3081,1
3082,1
3083,3
3084,3
3085,3
3086,2
3087,3
3088,1
3089,2
3090,0
3091,1
3092,1
3093,1
3094,3
3095,2
3096,1
3097,1
3098,2
3099,2
3100,1
3101,2
3102,1
3103,1
3104,2
3105,2
3106,1
3107,1
3108,3
3109,2
3110,3
3111,0
3112,3
3113,2
3114,2
3115,1
3116,3
3117,2
3118,3
3119,2
3120,1
3121,4
3122,1
3123,1
3124,2
3125,1
3126,2
3127,2
3128,0
3129,2
3130,0
3131,4
3132,1
3133,3
3134,1
3135,1
3136,1
3137,4
3138,3
3139,3
3140,0
3141,1
3142,2
3143,3
3144,1
3145,2
3146,2
3147,1
3148,3
3149,4
3150,2
3151,3
3152,2
3153,4
3154,3
3155,2
3156,1
3157,3
3158,2
3159,3
3160,1
3161,3
3162,1
3163,2
3164,2
3165,2
3166,4
3167,0
3168,2
3169,2
3170,3
3171,3
3172,2
3173,2
3174,1
3175,2
3176,2
3177,3
3178,2
3179,1
3180,4
3181,2
3182,1
3183,1
3184,2
3185,2
3186,3
3187,1
3188,4
3189,1
3190,1
3191,2
3192,2
3193,2
3194,3
3195,3
3196,2
3197,3
3198,3
3199,1
3200,2
3201,2
3202,3
3203,2
3204,3
3205,2
3206,3
3207,2
3208,1
3209,2
3210,4
3211,0
3212,2
3213,2
3214,3
3215,2
3216,1
3217,2
3218,2
3219,2
3220,4
3221,1
3222,2
3223,3
3224,2
3225,1
3226,2
3227,0
3228,2
3229,3
3230,2
3231,1
3232,1
3233,2
3234,2
3235,3
3236,3
3237,1
3238,1
3239,0
3240,2
3241,2
3242,3
3243,1
3244,1
3245,1
3246,2
3247,3
3248,1
3249,3
3250,3
3251,2
3252,3
3253,3
3254,2
3255,3
3256,1
3257,2
3258,2
3259,3
3260,2
3261,2
3262,2
3263,2
3264,1
3265,4
3266,1
3267,2
3268,1
3269,0
3270,0
3271,2
3272,2
3273,3
3274,3
3275,2
3276,0
3277,2
3278,3
3279,1
3280,2
3281,1
3282,2
3283,2
3284,1
3285,1
3286,2
3287,2
3288,3
3289,1
3290,4
3291,0
3292,3
3293,2
3294,3
3295,4
3296,3
3297,3
3298,3
3299,1
3300,2
3301,2
3302,2
3303,2
3304,2
3305,2
3306,1
3307,3
3308,0
3309,4
3310,3
3311,2
3312,1
3313,0
3314,2
3315,2
3316,1
3317,4
3318,2
3319,1
3320,4
3321,2
3322,2
3323,2
3324,2
3325,3
3326,3
3327,2
3328,1
3329,1
3330,1
3331,1
3332,4
3333,2
3334,1
3335,0
3336,2
3337,2
3338,2
3339,1
3340,1
3341,3
3342,1
3343,2
3344,2
3345,2
3346,1
3347,2
3348,0
3349,2
3350,2
3351,1
3352,1
3353,2
3354,3
3355,2
3356,1
3357,3
3358,1
3359,1
3360,3
3361,2
3362,1
3363,1
3364,3
3365,3
3366,2
3367,2
3368,1
3369,1
3370,1
3371,0
3372,1
3373,2
3374,1
3375,3
3376,1
3377,3
3378,3
3379,1
3380,3
3381,4
3382,2
3383,2
3384,1
3385,3
3386,1
3387,2
3388,2
3389,2
3390,3
3391,4
3392,1
3393,3
3394,0
3395,1
3396,2
3397,2
3398,3
3399,2
3400,4
3401,0
3402,2
3403,3
3404,3
3405,3
3406,4
3407,1
3408,1
3409,4
3410,2
3411,3
3412,2
3413,4
3414,3
3415,2
3416,2
3417,1
3418,2
3419,0
3420,2
3421,1
3422,4
3423,1
3424,3
3425,2
3426,2
3427,2
3428,1
3429,1
3430,1
3431,3
3432,1
3433,2
3434,1
3435,3
3436,4
3437,2
3438,0
3439,4
3440,4
3441,2
3442,2
3443,3
3444,1
3445,2
3446,2
3447,2
3448,3
3449,2
3450,2
3451,1
3452,3
3453,2
3454,2
3455,1
3456,1
3457,1
3458,2
3459,2
3460,2
3461,2
3462,3
3463,1
3464,2
3465,2
3466,3
3467,1
3468,3
3469,1
3470,2
3471,2
3472,1
3473,3
3474,2
3475,2
3476,2
3477,2
3478,2
3479,2
3480,2
3481,3
3482,2
3483,2
3484,3
3485,3
3486,3
3487,3
3488,2
3489,3
3490,3
3491,2
3492,4
3493,0
3494,0
3495,0
3496,2
3497,1
3498,3
3499,2
3500,1
3501,3
3502,2
3503,3
3504,2
3505,1
3506,2
3507,1
3508,2
3509,0
3510,3
3511,3
3512,3
3513,3
3514,3
3515,2
3516,1
3517,2
3518,1
3519,2
3520,1
3521,2
3522,2
3523,3
3524,3
3525,2
3526,2
3527,0
3528,1
3529,1
3530,2
3531,2
3532,3
3533,0
3534,3
3535,1
3536,1
3537,1
3538,3
3539,1
3540,3
3541,1
3542,2
3543,2
3544,4
3545,1
3546,2
3547,2
3548,0
3549,3
3550,1
3551,0
3552,1
3553,2
3554,2
3555,2
3556,0
3557,4
3558,1
3559,1
3560,1
3561,2
3562,1
3563,2
3564,1
3565,1
3566,2
3567,1
3568,0
3569,3
3570,1
3571,3
3572,4
3573,3
3574,3
3575,3
3576,4
3577,2
3578,3
3579,3
3580,2
3581,0
3582,2
3583,1
3584,1
3585,1
3586,4
3587,3
3588,2
3589,4
3590,1
3591,0
3592,2
3593,3
3594,3
3595,1
3596,3
3597,4
3598,1
3599,0
3600,3
3601,2
3602,3
3603,2
3604,3
3605,1
3606,3
3607,1
3608,2
3609,3
3610,2
3611,1
3612,3
3613,2
3614,3
3615,3
3616,3
3617,3
3618,3
3619,2
3620,2
3621,1
3622,4
3623,2
3624,2
3625,1
3626,3
3627,3
3628,1
3629,1
3630,3
3631,2
3632,1
3633,2
3634,3
3635,2
3636,0
3637,1
3638,2
3639,3
3640,2
3641,3
3642,2
3643,1
3644,2
3645,1
3646,2
3647,4
3648,2
3649,2
3650,3
3651,0
3652,1
3653,2
3654,2
3655,2
3656,3
3657,2
3658,2
3659,2
3660,2
3661,3
3662,2
3663,2
3664,2
3665,1
3666,2
3667,2
3668,2
3669,3
3670,0
3671,2
3672,3
3673,3
3674,0
3675,4
3676,2
3677,1
3678,2
3679,3
3680,2
3681,2
3682,2
3683,2
3684,2
3685,2
3686,3
3687,1
3688,2
3689,1
3690,1
3691,0
3692,3
3693,3
3694,3
3695,4
3696,3
3697,2
3698,4
3699,2
3700,1
3701,2
3702,2
3703,2
3704,2
3705,1
3706,1
3707,3
3708,2
3709,2
3710,1
3711,1
3712,3
3713,1
3714,2
3715,3
3716,2
3717,0
3718,2
3719,0
3720,2
3721,2
3722,2
3723,0
3724,2
3725,1
3726,3
3727,2
3728,2
3729,2
3730,3
3731,3
3732,1
3733,2
3734,0
3735,0
3736,0
3737,2
3738,2
3739,2
3740,0
3741,3
3742,1
3743,2
3744,2
3745,4
3746,2
3747,3
3748,2
3749,2
3750,3
3751,3
3752,2
3753,2
3754,2
3755,1
3756,1
3757,3
3758,1
3759,2
3760,3
3761,1
3762,3
3763,2
3764,2
3765,1
3766,0
3767,2
3768,2
3769,1
3770,1
3771,3
3772,1
3773,2
3774,2
3775,2
3776,2
3777,3
3778,4
3779,3
3780,3
3781,2
3782,1
3783,2
3784,2
3785,1
3786,4
3787,3
3788,0
3789,1
3790,3
3791,3
3792,0
3793,2
3794,2
3795,0
3796,4
3797,3
3798,3
3799,1
3800,2
3801,3
3802,2
3803,1
3804,2
3805,2
3806,1
3807,1
3808,2
3809,1
3810,3
3811,4
3812,4
3813,0
3814,2
3815,2
3816,1
3817,2
3818,1
3819,3
3820,3
3821,4
3822,2
3823,3
3824,2
3825,4
3826,3
3827,4
3828,2
3829,1
3830,3
3831,3
3832,2
3833,4
3834,3
3835,0
3836,2
3837,3
3838,2
3839,2
3840,2
3841,1
3842,2
3843,2
3844,3
3845,1
3846,2
3847,1
3848,2
3849,1
3850,2
3851,3
3852,1
3853,2
3854,1
3855,3
3856,1
3857,3
3858,2
3859,0
3860,0
3861,3
3862,3
3863,2
3864,2
3865,2
3866,2
3867,2
3868,3
3869,1
3870,1
3871,1
3872,1
3873,1
3874,2
3875,1
3876,1
3877,2
3878,2
3879,2
3880,1
3881,3
3882,3
3883,2
3884,2
3885,1
3886,2
3887,2
3888,3
3889,2
3890,2
3891,2
3892,1
3893,1
3894,3
3895,2
3896,3
3897,3
3898,2
3899,2
3900,1
3901,3
3902,1
3903,3
3904,3
3905,1
3906,3
3907,2
3908,3
3909,2
3910,1
3911,0
3912,0
3913,1
3914,1
3915,2
3916,2
3917,1
3918,3
3919,3
3920,2
3921,2
3922,1
3923,2
3924,1
3925,2
3926,1
3927,2
3928,2
3929,2
3930,2
3931,3
3932,1
3933,2
3934,3
3935,3
3936,2
3937,0
3938,1
3939,2
3940,1
3941,2
3942,2
3943,1
3944,2
3945,1
3946,3
3947,1
3948,3
3949,3
3950,1
3951,3
3952,2
3953,3
3954,3
3955,2
3956,3
3957,1
3958,3
3959,1
3960,2
3961,1
3962,1
3963,2
3964,3
3965,1
3966,1
3967,2
3968,1
3969,4
3970,3
3971,3
3972,1
3973,0
3974,2
3975,2
3976,0
3977,0
3978,0
3979,3
3980,4
3981,2
3982,4
3983,3
3984,1
3985,3
3986,1
3987,1
3988,4
3989,4
3990,3
3991,1
3992,3
3993,3
3994,2
3995,2
3996,2
3997,1
3998,1
3999,3
4000,2
4001,3
4002,2
4003,3
4004,3
4005,1
4006,2
4007,0
4008,2
4009,4
4010,0
4011,1
4012,2
4013,4
4014,4
4015,3
4016,1
4017,1
4018,2
4019,2
4020,1
4021,1
4022,0
4023,3
4024,2
4025,2
4026,4
4027,3
4028,2
4029,2
4030,3
4031,2
4032,3
4033,3
4034,1
4035,2
4036,0
4037,3
4038,3
4039,2
4040,4
4041,2
4042,3
4043,1
4044,3
4045,3
4046,1
4047,3
4048,4
4049,2
4050,2
4051,3
4052,3
4053,2
4054,4
4055,3
4056,3
4057,2
4058,2
4059,2
4060,3
4061,3
4062,1
4063,3
4064,1
4065,1
4066,1
4067,1
4068,1
4069,2
4070,1
4071,3
4072,3
4073,4
4074,2
4075,0
4076,1
4077,3
4078,4
4079,2
4080,3
4081,1
4082,3
4083,1
4084,3
4085,3
4086,3
4087,1
4088,2
4089,3
4090,1
4091,2
4092,2
4093,2
4094,3
4095,2
4096,3
4097,2
4098,2
4099,4
4100,2
4101,4
4102,4
4103,1
4104,2
4105,2
4106,1
4107,1
4108,1
4109,1
4110,2
4111,2
4112,2
4113,1
4114,1
4115,1
4116,2
4117,2
4118,0
4119,1
4120,1
4121,1
4122,2
4123,2
4124,2
4125,0
4126,1
4127,1
4128,2
4129,2
4130,2
4131,3
4132,3
4133,2
4134,3
4135,1
4136,2
4137,3
4138,3
4139,2
4140,2
4141,2
4142,3
4143,2
4144,3
4145,3
4146,2
4147,1
4148,3
4149,2
4150,1
4151,2
4152,1
4153,1
4154,1
4155,2
4156,2
4157,3
4158,1
4159,2
4160,2
4161,1
4162,3
4163,2
4164,2
4165,2
4166,2
4167,2
4168,4
4169,2
4170,1
4171,0
4172,3
4173,4
4174,2
4175,1
4176,3
4177,2
4178,2
4179,1
4180,2
4181,1
4182,2
4183,2
4184,2
4185,3
4186,0
4187,2
4188,2
4189,1
4190,0
4191,2
4192,2
4193,3
4194,4
4195,3
4196,1
4197,4
4198,3
4199,1
4200,3
4201,1
4202,4
4203,2
4204,2
4205,2
4206,2
4207,2
4208,2
4209,1
4210,4
4211,1
4212,3
4213,0
4214,2
4215,2
4216,1
4217,1
4218,3
4219,2
4220,3
4221,2
4222,0
4223,2
4224,4
4225,2
4226,1
4227,3
4228,3
4229,3
4230,2
4231,1
4232,3
4233,1
4234,2
4235,3
4236,2
4237,1
4238,1
4239,3
4240,3
4241,1
4242,2
4243,3
4244,4
4245,2
4246,2
4247,2
4248,3
4249,2
4250,4
4251,1
4252,1
4253,1
4254,1
4255,2
4256,2
4257,2
4258,2
4259,2
4260,3
4261,1
4262,3
4263,3
4264,4
4265,3
4266,4
4267,3
4268,1
4269,2
4270,2
4271,1
4272,3
4273,3
4274,2
4275,2
4276,4
4277,3
4278,3
4279,2
4280,2
4281,3
4282,2
4283,2
4284,1
4285,2
4286,2
4287,3
4288,1
4289,3
4290,1
4291,2
4292,2
4293,1
4294,4
4295,1
4296,3
4297,3
4298,2
4299,4
4300,1
4301,3
4302,1
4303,1
4304,2
4305,1
4306,2
4307,2
4308,2
4309,2
4310,1
4311,1
4312,1
4313,4
4314,1
4315,2
4316,2
4317,0
4318,2
4319,4
4320,1
4321,2
4322,2
4323,2
4324,0
4325,1
4326,3
4327,3
4328,3
4329,3
4330,2
4331,2
4332,2
4333,2
4334,3
4335,0
4336,1
4337,1
4338,3
4339,0
4340,2
4341,2
4342,2
4343,2
4344,2
4345,0
4346,3
4347,1
4348,3
4349,4
4350,2
4351,2
4352,1
4353,2
4354,3
4355,2
4356,3
4357,2
4358,2
4359,2
4360,0
4361,2
4362,1
4363,4
4364,3
4365,1
4366,1
4367,1
4368,1
4369,2
4370,2
4371,4
4372,1
4373,2
4374,1
4375,2
4376,2
4377,4
4378,2
4379,1
4380,1
4381,2
4382,2
4383,3
4384,1
4385,2
4386,2
4387,0
4388,1
4389,3
4390,1
4391,1
4392,2
4393,1
4394,3
4395,2
4396,1
4397,2
4398,3
4399,2
4400,3
4401,3
4402,0
4403,4
4404,2
4405,2
4406,2
4407,2
4408,2
4409,2
4410,3
4411,2
4412,1
4413,1
4414,0
4415,4
4416,3
4417,1
4418,2
4419,3
4420,1
4421,0
4422,3
4423,3
4424,2
4425,2
4426,2
4427,3
4428,2
4429,3
4430,4
4431,3
4432,2
4433,3
4434,0
4435,2
4436,1
4437,2
4438,2
4439,3
4440,3
4441,3
4442,2
4443,3
4444,1
4445,1
4446,2
4447,1
4448,1
4449,2
4450,0
4451,1
4452,4
4453,1
4454,0
4455,1
4456,3
4457,2
4458,1
4459,4
4460,3
4461,2
4462,4
4463,0
4464,4
4465,2
4466,1
4467,3
4468,1
4469,3
4470,3
4471,3
4472,2
4473,2
4474,2
4475,1
4476,3
4477,4
4478,2
4479,1
4480,2
4481,3
4482,1
4483,2
4484,4
4485,2
4486,4
4487,3
4488,3
4489,4
4490,1
4491,3
4492,4
4493,2
4494,1
4495,2
4496,2
4497,3
4498,3
4499,2
4500,1
4501,3
4502,1
4503,2
4504,2
4505,2
4506,2
4507,3
4508,2
4509,2
4510,3
4511,1
4512,2
4513,1
4514,2
4515,2
4516,2
4517,1
4518,3
4519,3
4520,1
4521,3
4522,1
4523,3
4524,3
4525,1
4526,3
4527,0
4528,1
4529,1
4530,2
4531,0
4532,2
4533,3
4534,0
4535,3
4536,0
4537,2
4538,2
4539,1
4540,2
4541,2
4542,4
4543,2
4544,2
4545,0
4546,3
4547,0
4548,2
4549,1
4550,1
4551,1
4552,1
4553,1
4554,3
4555,3
4556,1
4557,1
4558,1
4559,4
4560,3
4561,1
4562,4
4563,3
4564,4
4565,3
4566,1
4567,1
4568,2
4569,2
4570,2
4571,3
4572,3
4573,1
4574,1
4575,1
4576,2
4577,1
4578,2
4579,2
4580,0
4581,2
4582,2
4583,0
4584,0
4585,0
4586,2
4587,2
4588,2
4589,1
4590,3
4591,1
4592,2
4593,1
4594,1
4595,3
4596,0
4597,2
4598,1
4599,4
4600,0
4601,3
4602,0
4603,1
4604,3
4605,4
4606,2
4607,2
4608,3
4609,2
4610,1
4611,1
4612,2
4613,3
4614,2
4615,1
4616,1
4617,3
4618,2
4619,1
4620,0
4621,3
4622,1
4623,0
4624,2
4625,3
4626,1
4627,1
4628,1
4629,3
4630,3
4631,2
4632,2
4633,3
4634,1
4635,4
4636,2
4637,2
4638,3
4639,2
4640,4
4641,3
4642,2
4643,1
4644,3
4645,1
4646,0
4647,2
4648,2
4649,4
4650,2
4651,2
4652,1
4653,2
4654,2
4655,1
4656,2
4657,3
4658,2
4659,1
4660,1
4661,1
4662,2
4663,2
4664,1
4665,2
4666,2
4667,2
4668,3
4669,2
4670,1
4671,2
4672,1
4673,1
4674,2
4675,2
4676,3
4677,1
4678,2
4679,2
4680,0
4681,1
4682,3
4683,1
4684,2
4685,0
4686,2
4687,2
4688,1
4689,3
4690,3
4691,2
4692,3
4693,0
4694,2
4695,3
4696,2
4697,2
4698,2
4699,3
4700,4
4701,4
4702,3
4703,2
4704,2
4705,2
4706,1
4707,3
4708,2
4709,2
4710,2
4711,3
4712,2
4713,2
4714,2
4715,1
4716,2
4717,1
4718,1
4719,2
4720,0
4721,2
4722,3
4723,2
4724,3
4725,1
4726,3
4727,3
4728,2
4729,3
4730,3
4731,1
4732,1
4733,2
4734,1
4735,1
4736,2
4737,3
4738,1
4739,1
4740,2
4741,3
4742,2
4743,2
4744,2
4745,2
4746,3
4747,1
4748,2
4749,2
4750,0
4751,0
4752,2
4753,0
4754,3
4755,1
4756,2
4757,1
4758,3
4759,3
4760,3
4761,3
4762,3
4763,1
4764,2
4765,4
4766,3
4767,3
4768,3
4769,3
4770,2
4771,2
4772,2
4773,0
4774,3
4775,1
4776,2
4777,2
4778,4
4779,4
4780,1
4781,3
4782,2
4783,2
4784,1
4785,1
4786,3
4787,1
4788,4
4789,3
4790,1
4791,3
4792,3
4793,3
4794,3
4795,4
4796,2
4797,2
4798,2
4799,3
4800,2
4801,3
4802,3
4803,2
4804,3
4805,3
4806,3
4807,3
4808,3
4809,3
4810,2
4811,3
4812,1
4813,1
4814,2
4815,4
4816,1
4817,2
4818,2
4819,2
4820,2
4821,3
4822,3
4823,1
4824,1
4825,3
4826,2
4827,3
4828,1
4829,2
4830,4
4831,3
4832,2
4833,3
4834,3
4835,3
4836,4
4837,2
4838,0
4839,4
4840,2
4841,2
4842,1
4843,0
4844,3
4845,2
4846,2
4847,2
4848,3
4849,1
4850,3
4851,1
4852,2
4853,2
4854,1
4855,3
4856,2
4857,4
4858,2
4859,2
4860,4
4861,2
4862,1
4863,4
4864,4
4865,2
4866,3
4867,2
4868,2
4869,0
4870,0
4871,4
4872,2
4873,2
4874,1
4875,3
4876,1
4877,1
4878,2
4879,3
4880,1
4881,2
4882,3
4883,1
4884,2
4885,2
4886,1
4887,0
4888,2
4889,1
4890,1
4891,1
4892,4
4893,1
4894,2
4895,2
4896,3
4897,1
4898,2
4899,2
4900,1
4901,1
4902,1
4903,2
4904,1
4905,2
4906,3
4907,0
4908,3
4909,2
4910,2
4911,3
4912,2
4913,2
4914,3
4915,3
4916,3
4917,3
4918,1
4919,1
4920,2
4921,1
4922,2
4923,2
4924,2
4925,3
4926,1
4927,0
4928,2
4929,1
4930,0
4931,3
4932,1
4933,3
4934,2
4935,3
4936,1
4937,1
4938,2
4939,2
4940,1
4941,1
4942,3
4943,0
4944,3
4945,1
4946,4
4947,4
4948,3
4949,1
4950,4
4951,3
4952,3
4953,1
4954,1
4955,2
4956,1
4957,2
4958,3
4959,2
4960,1
4961,1
4962,1
4963,2
4964,3
4965,2
4966,2
4967,1
4968,2
4969,1
4970,1
4971,2
4972,4
4973,1
4974,1
4975,2
4976,2
4977,2
4978,1
4979,1
4980,3
4981,1
4982,3
4983,2
4984,4
4985,2
4986,2
4987,4
4988,3
4989,3
4990,4
4991,0
4992,2
4993,2
4994,2
4995,3
4996,1
4997,3
4998,1
4999,3
5000,1
5001,3
5002,2
5003,1
5004,0
5005,1
5006,2
5007,1
5008,2
5009,2
5010,2
5011,3
5012,3
5013,0
5014,1
5015,4
5016,2
5017,2
5018,3
5019,2
5020,2
5021,3
5022,3
5023,2
5024,2
5025,1
5026,4
5027,2
5028,1
5029,0
5030,3
5031,3
5032,1
5033,2
5034,1
5035,1
5036,2
5037,3
5038,2
5039,3
5040,2
5041,3
5042,2
5043,4
5044,2
5045,0
5046,3
5047,3
5048,2
5049,0
5050,2
5051,3
5052,3
5053,0
5054,2
5055,3
5056,2
5057,3
5058,2
5059,1
5060,2
5061,1
5062,1
5063,1
5064,1
5065,4
5066,2
5067,1
5068,2
5069,1
5070,1
5071,3
5072,4
5073,1
5074,1
5075,3
5076,1
5077,1
5078,1
5079,0
5080,3
5081,4
5082,3
5083,4
5084,1
5085,2
5086,3
5087,2
5088,3
5089,2
5090,3
5091,3
5092,2
5093,1
5094,3
5095,2
5096,3
5097,2
5098,3
5099,1
5100,3
5101,3
5102,2
5103,2
5104,3
5105,1
5106,2
5107,3
5108,3
5109,2
5110,3
5111,4
5112,1
5113,2
5114,4
5115,3
5116,2
5117,1
5118,2
5119,2
5120,0
5121,2
5122,2
5123,3
5124,1
5125,2
5126,2
5127,2
5128,4
5129,1
5130,2
5131,0
5132,2
5133,1
5134,1
5135,2
5136,2
5137,2
5138,2
5139,2
5140,3
5141,1
5142,2
5143,4
5144,3
5145,2
5146,3
5147,3
5148,2
5149,2
5150,2
5151,4
5152,3
5153,2
5154,3
5155,1
5156,2
5157,0
5158,2
5159,2
5160,2
5161,1
5162,1
5163,2
5164,1
5165,1
5166,2
5167,2
5168,2
5169,2
5170,2
5171,1
5172,0
5173,0
5174,0
5175,2
5176,2
5177,2
5178,1
5179,2
5180,2
5181,2
5182,1
5183,2
5184,2
5185,0
5186,2
5187,1
5188,1
5189,2
5190,2
5191,2
5192,0
5193,0
5194,4
5195,2
5196,3
5197,2
5198,3
5199,1
5200,3
5201,2
5202,2
5203,3
5204,2
5205,3
5206,1
5207,2
5208,2
5209,1
5210,1
5211,1
5212,3
5213,1
5214,2
5215,2
5216,4
5217,2
5218,2
5219,3
5220,3
5221,1
5222,3
5223,1
5224,1
5225,2
5226,1
5227,1
5228,3
5229,1
5230,2
5231,1
5232,1
5233,3
5234,1
5235,2
5236,1
5237,3
5238,2
5239,2
5240,3
5241,3
5242,3
5243,2
5244,1
5245,3
5246,2
5247,3
5248,2
5249,1
5250,3
5251,0
5252,1
5253,0
5254,2
5255,3
5256,2
5257,3
5258,2
5259,2
5260,1
5261,1
5262,2
5263,2
5264,0
5265,2
5266,1
5267,3
5268,0
5269,2
5270,0
5271,2
5272,3
5273,3
5274,1
5275,3
5276,4
5277,2
5278,2
5279,3
5280,2
5281,3
5282,3
5283,2
5284,4
5285,4
5286,2
5287,3
5288,3
5289,1
5290,1
5291,0
5292,3
5293,2
5294,2
5295,3
5296,0
5297,1
5298,3
5299,2
5300,3
5301,3
5302,2
5303,2
5304,3
5305,2
5306,3
5307,2
5308,1
5309,1
5310,2
5311,2
5312,2
5313,2
5314,2
5315,3
5316,2
5317,0
5318,3
5319,0
5320,2
5321,3
5322,1
5323,2
5324,2
5325,3
5326,3
5327,3
5328,3
5329,1
5330,2
5331,3
5332,1
5333,3
5334,3
5335,2
5336,2
5337,3
5338,1
5339,1
5340,2
5341,2
5342,1
5343,3
5344,2
5345,2
5346,1
5347,1
5348,3
5349,3
5350,1
5351,3
5352,1
5353,0
5354,2
5355,1
5356,1
5357,2
5358,2
5359,3
5360,3
5361,1
5362,2
5363,1
5364,1
5365,4
5366,4
5367,3
5368,3
5369,3
5370,0
5371,1
5372,0
5373,2
5374,2
5375,3
5376,1
5377,2
5378,3
5379,4
5380,0
5381,2
5382,1
5383,0
5384,2
5385,3
5386,3
5387,2
5388,0
5389,1
5390,3
5391,3
5392,1
5393,2
5394,3
5395,3
5396,2
5397,4
5398,1
5399,3
5400,1
5401,4
5402,3
5403,3
5404,3
5405,1
5406,2
5407,2
5408,3
5409,2
5410,2
5411,3
5412,1
5413,2
5414,1
5415,3
5416,3
5417,1
5418,2
5419,3
5420,3
5421,2
5422,1
5423,1
5424,3
5425,2
5426,2
5427,2
5428,3
5429,2
5430,2
5431,1
5432,2
5433,3
5434,0
5435,2
5436,2
5437,1
5438,2
5439,3
5440,2
5441,3
5442,2
5443,3
5444,2
5445,2
5446,1
5447,1
5448,0
5449,1
5450,2
5451,3
5452,3
5453,3
5454,3
5455,1
5456,3
5457,2
5458,2
5459,2
5460,1
5461,3
5462,4
5463,1
5464,1
5465,3
5466,3
5467,1
5468,4
5469,3
5470,0
5471,2
5472,1
5473,1
5474,3
5475,4
5476,1
5477,2
5478,1
5479,3
5480,3
5481,3
5482,3
5483,4
5484,3
5485,2
5486,1
5487,1
5488,2
5489,1
5490,2
5491,3
5492,2
5493,2
5494,1
5495,0
5496,1
5497,3
5498,1
5499,1
5500,2
5501,2
5502,2
5503,3
5504,2
5505,1
5506,3
5507,0
5508,1
5509,2
5510,4
5511,3
5512,1
5513,1
5514,1
5515,1
5516,2
5517,3
5518,2
5519,1
5520,1
5521,2
5522,2
5523,3
5524,3
5525,3
5526,2
5527,4
5528,2
5529,3
5530,3
5531,1
5532,0
5533,2
5534,2
5535,1
5536,3
5537,3
5538,2
5539,4
5540,2
5541,2
5542,2
5543,4
5544,2
5545,1
5546,3
5547,1
5548,2
5549,3
5550,1
5551,3
5552,3
5553,3
5554,1
5555,2
5556,1
5557,2
5558,2
5559,3
5560,4
5561,3
5562,2
5563,2
5564,1
5565,3
5566,1
5567,2
5568,1
5569,1
5570,0
5571,1
5572,3
5573,3
5574,1
5575,4
5576,1
5577,2
5578,2
5579,1
5580,1
5581,2
5582,1
5583,2
5584,0
5585,2
5586,1
5587,0
5588,2
5589,3
5590,2
5591,2
5592,3
5593,1
5594,3
5595,1
5596,1
5597,3
5598,2
5599,0
5600,1
5601,0
5602,2
5603,1
5604,1
5605,2
5606,2
5607,1
5608,4
5609,0
5610,2
5611,2
5612,4
5613,3
5614,1
5615,2
5616,4
5617,2
5618,1
5619,1
5620,3
5621,2
5622,1
5623,3
5624,1
5625,2
5626,2
5627,1
5628,3
5629,1
5630,2
5631,3
5632,1
5633,2
5634,1
5635,1
5636,3
5637,2
5638,2
5639,4
5640,1
5641,0
5642,2
5643,2
5644,4
5645,3
5646,2
5647,2
5648,1
5649,2
5650,2
5651,3
5652,1
5653,2
5654,1
5655,2
5656,2
5657,1
5658,2
5659,2
5660,2
5661,1
5662,1
5663,0
5664,1
5665,3
5666,2
5667,2
5668,2
5669,3
5670,2
5671,1
5672,3
5673,4
5674,4
5675,3
5676,1
5677,3
5678,1
5679,2
5680,2
5681,1
5682,1
5683,1
5684,1
5685,3
5686,2
5687,2
5688,3
5689,4
5690,2
5691,3
5692,1
5693,2
5694,1
5695,4
5696,3
5697,3
5698,1
5699,3
5700,2
5701,0
5702,4
5703,1
5704,4
5705,2
5706,2
5707,2
5708,1
5709,2
5710,1
5711,2
5712,2
5713,3
5714,1
5715,2
5716,1
5717,2
5718,3
5719,2
5720,2
5721,3
5722,0
5723,0
5724,3
5725,3
5726,1
5727,2
5728,3
5729,1
5730,3
5731,2
5732,4
5733,1
5734,2
5735,2
5736,2
5737,2
5738,2
5739,4
5740,3
5741,2
5742,3
5743,2
5744,4
5745,1
5746,3
5747,1
5748,1
5749,3
5750,3
5751,4
5752,1
5753,2
5754,4
5755,1
5756,2
5757,2
5758,3
5759,1
5760,3
5761,0
5762,3
5763,3
5764,2
5765,1
5766,1
5767,3
5768,1
5769,1
5770,2
5771,2
5772,3
5773,2
5774,3
5775,2
5776,2
5777,3
5778,1
5779,1
5780,0
5781,3
5782,4
5783,1
5784,2
5785,2
5786,1
5787,2
5788,1
5789,3
5790,3
5791,2
5792,1
5793,4
5794,3
5795,1
5796,2
5797,3
5798,1
5799,2
5800,2
5801,2
5802,2
5803,2
5804,2
5805,3
5806,1
5807,2
5808,2
5809,2
5810,0
5811,0
5812,3
5813,0
5814,2
5815,1
5816,1
5817,2
5818,3
5819,0
5820,2
5821,1
5822,2
5823,3
5824,3
5825,1
5826,2
5827,1
5828,1
5829,2
5830,2
5831,3
5832,2
5833,2
5834,2
5835,3
5836,3
5837,0
5838,3
5839,3
5840,1
5841,4
5842,3
5843,2
5844,3
5845,3
5846,1
5847,2
5848,2
5849,2
5850,3
5851,2
5852,2
5853,0
5854,2
5855,1
5856,2
5857,3
5858,2
5859,1
5860,3
5861,2
5862,2
5863,1
5864,3
5865,1
5866,1
5867,3
5868,2
5869,3
5870,0
5871,1
5872,2
5873,4
5874,4
5875,3
5876,2
5877,3
5878,2
5879,2
5880,2
5881,2
5882,2
5883,1
5884,3
5885,2
5886,2
5887,1
5888,0
5889,3
5890,2
5891,0
5892,0
5893,2
5894,1
5895,3
5896,1
5897,2
5898,4
5899,2
5900,0
5901,1
5902,4
5903,1
5904,3
5905,2
5906,0
5907,2
5908,2
5909,3
5910,3
5911,3
5912,3
5913,4
5914,2
5915,4
5916,1
5917,3
5918,3
5919,3
5920,2
5921,1
5922,2
5923,3
5924,4
5925,1
5926,1
5927,1
5928,2
5929,2
5930,2
5931,1
5932,2
5933,4
5934,2
5935,1
5936,2
5937,2
5938,1
5939,0
5940,3
5941,3
5942,2
5943,2
5944,2
5945,3
5946,3
5947,2
5948,1
5949,1
5950,1
5951,2
5952,3
5953,3
5954,0
5955,3
5956,1
5957,1
5958,1
5959,3
5960,4
5961,1
5962,4
5963,4
5964,2
5965,2
5966,1
5967,2
5968,3
5969,2
5970,1
5971,1
5972,0
5973,2
5974,2
5975,2
5976,1
5977,2
5978,1
5979,1
5980,2
5981,2
5982,3
5983,3
5984,2
5985,2
5986,3
5987,2
5988,1
5989,2
5990,3
5991,2
5992,2
5993,1
5994,2
5995,1
5996,1
5997,2
5998,1
5999,3
6000,1
6001,2
6002,3
6003,2
6004,3
6005,3
6006,2
6007,1
6008,3
6009,2
6010,2
6011,3
6012,2
6013,3
6014,0
6015,1
6016,2
6017,1
6018,2
6019,2
6020,1
6021,4
6022,2
6023,4
6024,2
6025,3
6026,2
6027,1
6028,1
6029,3
6030,1
6031,2
6032,1
6033,1
6034,2
6035,1
6036,2
6037,1
6038,4
6039,2
6040,1
6041,3
6042,2
6043,1
6044,3
6045,2
6046,1
6047,0
6048,3
6049,3
6050,3
6051,3
6052,3
6053,3
6054,2
6055,2
6056,2
6057,3
6058,1
6059,2
6060,1
6061,3
6062,1
6063,1
6064,1
6065,2
6066,2
6067,2
6068,1
6069,3
6070,0
6071,2
6072,2
6073,3
6074,3
6075,2
6076,2
6077,3
6078,1
6079,1
6080,1
6081,2
6082,3
6083,2
6084,2
6085,2
6086,3
6087,3
6088,2
6089,1
6090,4
6091,2
6092,3
6093,2
6094,3
6095,2
6096,1
6097,1
6098,3
6099,2
6100,3
6101,2
6102,3
6103,2
6104,2
6105,1
6106,2
6107,2
6108,2
6109,2
6110,1
6111,1
6112,1
6113,2
6114,3
6115,3
6116,2
6117,2
6118,2
6119,1
6120,1
6121,2
6122,2
6123,2
6124,4
6125,1
6126,2
6127,1
6128,2
6129,2
6130,3
6131,2
6132,2
6133,2
6134,3
6135,1
6136,2
6137,1
6138,2
6139,0
6140,2
6141,1
6142,2
6143,2
6144,4
6145,0
6146,1
6147,3
6148,2
6149,0
6150,1
6151,0
6152,2
6153,1
6154,2
6155,1
6156,2
6157,2
6158,1
6159,4
6160,3
6161,1
6162,3
6163,4
6164,1
6165,1
6166,1
6167,1
6168,3
6169,3
6170,1
6171,1
6172,1
6173,4
6174,2
6175,3
6176,2
6177,2
6178,3
6179,2
6180,3
6181,0
6182,2
6183,3
6184,2
6185,1
6186,2
6187,1
6188,1
6189,2
6190,1
6191,2
6192,2
6193,3
6194,3
6195,2
6196,4
6197,1
6198,2
6199,2
6200,1
6201,0
6202,4
6203,1
6204,1
6205,1
6206,2
6207,2
6208,3
6209,4
6210,1
6211,1
6212,2
6213,1
6214,2
6215,0
6216,1
6217,0
6218,3
6219,2
6220,3
6221,1
6222,2
6223,3
6224,2
6225,3
6226,1
6227,1
6228,2
6229,2
6230,2
6231,2
6232,1
6233,1
6234,3
6235,1
6236,4
6237,2
6238,2
6239,0
6240,1
6241,2
6242,1
6243,3
6244,4
6245,3
6246,1
6247,1
6248,2
6249,3
6250,3
6251,2
6252,2
6253,2
6254,2
6255,3
6256,2
6257,2
6258,2
6259,4
6260,2
6261,1
6262,3
6263,0
6264,2
6265,2
6266,2
6267,0
6268,3
6269,2
6270,3
6271,2
6272,3
6273,1
6274,4
6275,3
6276,2
6277,1
6278,2
6279,2
6280,1
6281,3
6282,2
6283,2
6284,3
6285,1
6286,1
6287,2
6288,2
6289,3
6290,3
6291,2
6292,3
6293,0
6294,2
6295,2
6296,3
6297,2
6298,2
6299,1
6300,2
6301,3
6302,0
6303,2
6304,2
6305,1
6306,3
6307,2
6308,1
6309,1
6310,4
6311,4
6312,4
6313,0
6314,2
6315,3
6316,3
6317,3
6318,4
6319,1
6320,1
6321,3
6322,2
6323,4
6324,1
6325,2
6326,0
6327,2
6328,1
6329,2
6330,2
6331,3
6332,1
6333,1
6334,1
6335,1
6336,2
6337,2
6338,1
6339,2
6340,1
6341,3
6342,2
6343,3
6344,4
6345,2
6346,2
6347,0
6348,0
6349,3
6350,3
6351,2
6352,1
6353,2
6354,3
6355,3
6356,2
6357,3
6358,1
6359,3
6360,2
6361,2
6362,3
6363,3
6364,2
6365,1
6366,3
6367,2
6368,1
6369,2
6370,3
6371,2
6372,3
6373,1
6374,2
6375,2
6376,4
6377,2
6378,1
6379,1
6380,1
6381,3
6382,2
6383,2
6384,1
6385,3
6386,2
6387,2
6388,1
6389,3
6390,0
6391,4
6392,2
6393,1
6394,3
6395,2
6396,2
6397,1
6398,2
6399,4
6400,2
6401,2
6402,3
6403,4
6404,3
6405,3
6406,2
6407,2
6408,3
6409,3
6410,2
6411,1
6412,1
6413,2
6414,1
6415,1
6416,1
6417,3
6418,2
6419,4
6420,3
6421,1
6422,1
6423,3
6424,3
6425,3
6426,1
6427,1
6428,4
6429,2
6430,2
6431,2
6432,3
6433,2
6434,2
6435,2
6436,2
6437,1
6438,1
6439,2
6440,2
6441,3
6442,2
6443,2
6444,2
6445,1
6446,2
6447,3
6448,2
6449,2
6450,1
6451,2
6452,1
6453,2
6454,3
6455,3
6456,1
6457,2
6458,0
6459,2
6460,2
6461,2
6462,2
6463,2
6464,2
6465,2
6466,1
6467,3
6468,3
6469,3
6470,1
6471,2
6472,2
6473,2
6474,1
6475,2
6476,3
6477,3
6478,2
6479,2
6480,3
6481,3
6482,4
6483,2
6484,2
6485,1
6486,2
6487,1
6488,2
6489,3
6490,2
6491,1
6492,2
6493,3
6494,3
6495,4
6496,3
6497,2
6498,2
6499,3
6500,2
6501,0
6502,2
6503,4
6504,3
6505,2
6506,2
6507,0
6508,3
6509,2
6510,1
6511,3
6512,3
6513,3
6514,2
6515,2
6516,4
6517,3
6518,1
6519,2
6520,2
6521,2
6522,4
6523,2
6524,2
6525,0
6526,4
6527,3
6528,1
6529,3
6530,2
6531,3
6532,3
6533,3
6534,2
6535,3
6536,0
6537,0
6538,2
6539,3
6540,3
6541,1
6542,2
6543,2
6544,2
6545,1
6546,4
6547,3
6548,2
6549,3
6550,1
6551,2
6552,0
6553,1
6554,1
6555,2
6556,1
6557,4
6558,0
6559,3
6560,1
6561,2
6562,2
6563,1
6564,2
6565,1
6566,3
6567,3
6568,3
6569,0
6570,3
6571,0
6572,3
6573,3
6574,3
6575,2
6576,1
6577,2
6578,2
6579,2
6580,1
6581,3
6582,0
6583,3
6584,0
6585,2
6586,3
6587,0
6588,1
6589,3
6590,2
6591,3
6592,2
6593,1
6594,4
6595,0
6596,1
6597,2
6598,3
6599,3
6600,3
6601,4
6602,2
6603,3
6604,3
6605,0
6606,2
6607,2
6608,3
6609,2
6610,2
6611,1
6612,1
6613,0
6614,2
6615,0
6616,2
6617,1
6618,0
6619,0
6620,3
6621,3
6622,2
6623,3
6624,2
6625,1
6626,1
6627,1
6628,2
6629,0
6630,2
6631,3
6632,2
6633,2
6634,3
6635,0
6636,0
6637,3
6638,0
6639,2
6640,1
6641,2
6642,2
6643,3
6644,2
6645,2
6646,3
6647,1
6648,3
6649,0
6650,2
6651,2
6652,2
6653,1
6654,2
6655,4
6656,1
6657,3
6658,1
6659,2
6660,2
6661,1
6662,1
6663,2
6664,0
6665,1
6666,3
6667,2
6668,3
6669,1
6670,4
6671,1
6672,0
6673,1
6674,2
6675,1
6676,3
6677,2
6678,2
6679,2
6680,3
6681,1
6682,1
6683,4
6684,2
6685,2
6686,3
6687,2
6688,0
6689,2
6690,3
6691,3
6692,3
6693,2
6694,2
6695,2
6696,2
6697,1
6698,2
6699,3
6700,3
6701,2
6702,2
6703,1
6704,3
6705,2
6706,1
6707,1
6708,1
6709,3
6710,1
6711,1
6712,3
6713,2
6714,2
6715,1
6716,1
6717,1
6718,0
6719,3
6720,2
6721,3
6722,2
6723,1
6724,3
6725,2
6726,2
6727,2
6728,3
6729,4
6730,0
6731,3
6732,2
6733,0
6734,2
6735,1
6736,0
6737,2
6738,1
6739,0
6740,3
6741,3
6742,3
6743,1
6744,0
6745,2
6746,2
6747,1
6748,3
6749,3
6750,2
6751,2
6752,4
6753,0
6754,2
6755,1
6756,3
6757,2
6758,3
6759,1
6760,3
6761,3
6762,1
6763,1
6764,2
6765,1
6766,1
6767,1
6768,1
6769,2
6770,1
6771,4
6772,2
6773,2
6774,2
6775,2
6776,3
6777,3
6778,2
6779,2
6780,2
6781,1
6782,3
6783,3
6784,3
6785,2
6786,4
6787,2
6788,3
6789,2
6790,1
6791,2
6792,4
6793,2
6794,3
6795,1
6796,1
6797,3
6798,3
6799,1
6800,4
6801,1
6802,3
6803,3
6804,1
6805,2
6806,0
6807,2
6808,2
6809,2
6810,2
6811,2
6812,3
6813,2
6814,3
6815,2
6816,1
6817,3
6818,2
6819,1
6820,1
6821,3
6822,3
6823,4
6824,2
6825,2
6826,1
6827,3
6828,2
6829,1
6830,0
6831,3
6832,4
6833,4
6834,2
6835,1
6836,1
6837,2
6838,3
6839,3
6840,4
6841,1
6842,1
6843,1
6844,2
6845,3
6846,1
6847,3
6848,4
6849,3
6850,1
6851,2
6852,0
6853,0
6854,0
6855,3
6856,1
6857,1
6858,1
6859,1
6860,0
6861,2
6862,2
6863,1
6864,0
6865,4
6866,4
6867,2
6868,2
6869,1
6870,1
6871,1
6872,1
6873,2
6874,3
6875,3
6876,4
6877,3
6878,1
6879,1
6880,4
6881,1
6882,3
6883,1
6884,3
6885,4
6886,1
6887,2
6888,3
6889,3
6890,0
6891,2
6892,1
6893,2
6894,0
6895,3
6896,2
6897,3
6898,4
6899,2
6900,2
6901,0
6902,3
6903,3
6904,3
6905,1
6906,3
6907,2
6908,1
6909,1
6910,1
6911,2
6912,2
6913,2
6914,1
6915,2
6916,1
6917,1
6918,0
6919,2
6920,2
6921,1
6922,1
6923,2
6924,3
6925,4
6926,2
6927,1
6928,2
6929,0
6930,2
6931,2
6932,2
6933,0
6934,3
6935,2
6936,0
6937,4
6938,1
6939,2
6940,2
6941,2
6942,0
6943,0
6944,1
6945,4
6946,2
6947,3
6948,2
6949,3
6950,2
6951,4
6952,3
6953,2
6954,2
6955,1
6956,1
6957,3
6958,3
6959,2
6960,3
6961,4
6962,2
6963,2
6964,1
6965,1
6966,1
6967,1
6968,3
6969,1
6970,1
6971,1
6972,1
6973,2
6974,1
6975,1
6976,0
6977,2
6978,3
6979,2
6980,3
6981,2
6982,1
6983,3
6984,1
6985,2
6986,0
6987,3
6988,1
6989,2
6990,1
6991,2
6992,3
6993,3
6994,1
6995,3
6996,2
6997,1
6998,2
6999,1
7000,3
7001,1
7002,2
7003,3
7004,4
7005,2
7006,2
7007,1
7008,2
7009,4
7010,2
7011,2
7012,2
7013,2
7014,1
7015,2
7016,2
7017,2
7018,2
7019,0
7020,0
7021,1
7022,2
7023,1
7024,2
7025,2
7026,3
7027,2
7028,2
7029,1
7030,3
7031,1
7032,2
7033,1
7034,2
7035,2
7036,2
7037,3
7038,3
7039,1
7040,2
7041,1
7042,2
7043,2
7044,3
7045,3
7046,1
7047,1
7048,1
7049,1
7050,2
7051,1
7052,4
7053,2
7054,2
7055,1
7056,0
7057,2
7058,1
7059,1
7060,4
7061,1
7062,0
7063,0
7064,1
7065,2
7066,1
7067,3
7068,2
7069,3
7070,0
7071,3
7072,3
7073,2
7074,3
7075,1
7076,3
7077,3
7078,3
7079,2
7080,3
7081,2
7082,2
7083,3
7084,1
7085,2
7086,1
7087,2
7088,3
7089,2
7090,0
7091,3
7092,2
7093,0
7094,0
7095,1
7096,2
7097,3
7098,1
7099,3
7100,3
7101,3
7102,1
7103,2
7104,3
7105,1
7106,1
7107,2
7108,3
7109,3
7110,3
7111,2
7112,0
7113,2
7114,0
7115,3
7116,2
7117,1
7118,3
7119,1
7120,0
7121,2
7122,2
7123,2
7124,1
7125,2
7126,3
7127,1
7128,3
7129,3
7130,1
7131,2
7132,3
7133,1
7134,2
7135,2
7136,3
7137,0
7138,2
7139,3
7140,3
7141,2
7142,3
7143,1
7144,1
7145,1
7146,3
7147,2
7148,1
7149,0
7150,2
7151,1
7152,1
7153,2
7154,2
7155,2
7156,1
7157,3
7158,1
7159,0
7160,3
7161,2
7162,1
7163,1
7164,1
7165,3
7166,2
7167,3
7168,1
7169,2
7170,2
7171,4
7172,4
7173,1
7174,4
7175,3
7176,3
7177,2
7178,2
7179,2
7180,3
7181,4
7182,2
7183,1
7184,1
7185,1
7186,2
7187,2
7188,2
7189,2
7190,2
7191,2
7192,2
7193,3
7194,2
7195,2
7196,3
7197,0
7198,1
7199,2
7200,0
7201,1
7202,2
7203,1
7204,1
7205,2
7206,3
7207,2
7208,1
7209,3
7210,2
7211,1
7212,2
7213,2
7214,2
7215,1
7216,3
7217,1
7218,3
7219,3
7220,3
7221,4
7222,2
7223,2
7224,3
7225,0
7226,0
7227,2
7228,0
7229,1
7230,2
7231,3
7232,1
7233,2
7234,3
7235,2
7236,1
7237,2
7238,2
7239,4
7240,4
7241,2
7242,2
7243,4
7244,2
7245,1
7246,1
7247,1
7248,2
7249,1
7250,0
7251,1
7252,2
7253,3
7254,4
7255,2
7256,1
7257,2
7258,4
7259,1
7260,3
7261,3
7262,3
7263,1
7264,3
7265,1
7266,1
7267,4
7268,3
7269,1
7270,1
7271,1
7272,1
7273,3
7274,2
7275,2
7276,2
7277,1
7278,2
7279,0
7280,2
7281,2
7282,2
7283,3
7284,2
7285,4
7286,1
7287,3
7288,2
7289,2
7290,3
7291,1
7292,1
7293,2
7294,3
7295,4
7296,3
7297,1
7298,2
7299,4
7300,0
7301,2
7302,3
7303,3
7304,2
7305,1
7306,3
7307,1
7308,1
7309,3
7310,4
7311,4
7312,1
7313,1
7314,2
7315,1
7316,2
7317,3
7318,3
7319,1
7320,1
7321,0
7322,1
7323,4
7324,0
7325,1
7326,3
7327,2
7328,2
7329,1
7330,2
7331,1
7332,2
7333,1
7334,0
7335,3
7336,1
7337,2
7338,2
7339,1
7340,3
7341,2
7342,2
7343,3
7344,3
7345,3
7346,3
7347,3
7348,3
7349,3
7350,2
7351,2
7352,3
7353,3
7354,2
7355,2
7356,1
7357,2
7358,2
7359,3
7360,1
7361,1
7362,3
7363,1
7364,1
7365,2
7366,3
7367,3
7368,1
7369,2
7370,0
7371,1
7372,2
7373,4
7374,2
7375,3
7376,1
7377,0
7378,1
7379,4
7380,1
7381,2
7382,3
7383,3
7384,3
7385,1
7386,2
7387,2
7388,1
7389,2
7390,3
7391,1
7392,3
7393,0
7394,1
7395,3
7396,2
7397,1
7398,3
7399,2
7400,3
7401,1
7402,3
7403,4
7404,2
7405,0
7406,3
7407,3
7408,3
7409,2
7410,2
7411,1
7412,2
7413,1
7414,1
7415,3
7416,3
7417,3
7418,2
7419,2
7420,1
7421,2
7422,3
7423,0
7424,1
7425,2
7426,2
7427,2
7428,2
7429,3
7430,2
7431,3
7432,3
7433,1
7434,2
7435,2
7436,1
7437,2
7438,1
7439,3
7440,2
7441,1
7442,2
7443,1
7444,1
7445,1
7446,3
7447,1
7448,1
7449,2
7450,1
7451,3
7452,3
7453,1
7454,2
7455,1
7456,2
7457,1
7458,2
7459,3
7460,0
7461,2
7462,2
7463,2
7464,2
7465,1
7466,3
7467,3
7468,2
7469,1
7470,2
7471,3
7472,3
7473,2
7474,2
7475,3
7476,2
7477,2
7478,3
7479,3
7480,1
7481,4
7482,2
7483,2
7484,2
7485,4
7486,3
7487,4
7488,2
7489,1
7490,2
7491,3
7492,3
7493,1
7494,2
7495,4
7496,1
7497,2
7498,1
7499,0
7500,2
7501,2
7502,2
7503,1
7504,1
7505,3
7506,3
7507,2
7508,2
7509,0
7510,4
7511,2
7512,3
7513,1
7514,1
7515,2
7516,2
7517,1
7518,1
7519,3
7520,3
7521,1
7522,3
7523,2
7524,3
7525,3
7526,2
7527,1
7528,0
7529,1
7530,3
7531,1
7532,4
7533,2
7534,3
7535,4
7536,4
7537,1
7538,3
7539,3
7540,3
7541,1
7542,2
7543,3
7544,2
7545,2
7546,0
7547,4
7548,2
7549,2
7550,1
7551,2
7552,1
7553,1
7554,2
7555,1
7556,2
7557,1
7558,3
7559,2
7560,2
7561,3
7562,3
7563,2
7564,4
7565,3
7566,2
7567,1
7568,1
7569,1
7570,1
7571,1
7572,3
7573,3
7574,3
7575,2
7576,2
7577,3
7578,3
7579,2
7580,4
7581,2
7582,3
7583,2
7584,2
7585,3
7586,2
7587,0
7588,1
7589,2
7590,1
7591,1
7592,2
7593,2
7594,3
7595,2
7596,1
7597,2
7598,1
7599,4
7600,3
7601,2
7602,2
7603,2
7604,2
7605,4
7606,3
7607,2
7608,2
7609,1
7610,3
7611,3
7612,1
7613,2
7614,2
7615,1
7616,2
7617,1
7618,2
7619,2
7620,2
7621,0
7622,1
7623,1
7624,2
7625,2
7626,1
7627,3
7628,3
7629,1
7630,3
7631,0
7632,1
7633,1
7634,2
7635,2
7636,2
7637,2
7638,2
7639,2
7640,2
7641,1
7642,2
7643,3
7644,3
7645,1
7646,2
7647,4
7648,3
7649,0
7650,2
7651,3
7652,3
7653,2
7654,3
7655,3
7656,2
7657,2
7658,3
7659,0
7660,2
7661,4
7662,2
7663,3
7664,2
7665,2
7666,2
7667,1
7668,1
7669,1
7670,1
7671,2
7672,1
7673,2
7674,4
7675,3
7676,1
7677,3
7678,1
7679,3
7680,2
7681,2
7682,2
7683,4
7684,2
7685,3
7686,2
7687,0
7688,1
7689,3
7690,2
7691,2
7692,3
7693,1
7694,2
7695,2
7696,2
7697,3
7698,1
7699,3
7700,2
7701,1
7702,2
7703,3
7704,2
7705,2
7706,2
7707,2
7708,1
7709,2
7710,1
7711,3
7712,2
7713,2
7714,3
7715,3
7716,1
7717,3
7718,3
7719,2
7720,4
7721,3
7722,0
7723,3
7724,3
7725,3
7726,3
7727,1
7728,2
7729,2
7730,2
7731,1
7732,3
7733,2
7734,0
7735,2
7736,1
7737,2
7738,3
7739,1
7740,1
7741,3
7742,2
7743,2
7744,2
7745,2
7746,1
7747,2
7748,2
7749,2
7750,2
7751,1
7752,1
7753,1
7754,1
7755,1
7756,3
7757,1
7758,0
7759,3
7760,2
7761,2
7762,2
7763,1
7764,3
7765,3
7766,0
7767,3
7768,2
7769,3
7770,1
7771,2
7772,2
7773,1
7774,3
7775,1
7776,1
7777,1
7778,2
7779,0
7780,2
7781,1
7782,4
7783,2
7784,1
7785,1
7786,0
7787,2
7788,1
7789,2
7790,3
7791,2
7792,3
7793,2
7794,2
7795,2
7796,2
7797,3
7798,1
7799,3
7800,2
7801,3
7802,3
7803,2
7804,2
7805,2
7806,2
7807,1
7808,3
7809,2
7810,3
7811,3
7812,1
7813,1
7814,1
7815,0
7816,2
7817,3
7818,1
7819,3
7820,2
7821,1
7822,3
7823,0
7824,1
7825,1
7826,1
7827,1
7828,3
7829,3
7830,2
7831,0
7832,3
7833,2
7834,2
7835,2
7836,2
7837,1
7838,2
7839,1
7840,2
7841,3
7842,3
7843,1
7844,4
7845,3
7846,2
7847,3
7848,2
7849,1
7850,1
7851,2
7852,3
7853,3
7854,1
7855,3
7856,3
7857,4
7858,2
7859,2
7860,4
7861,1
7862,1
7863,3
7864,2
7865,1
7866,3
7867,2
7868,1
7869,4
7870,2
7871,2
7872,1
7873,1
7874,0
7875,2
7876,2
7877,4
7878,1
7879,2
7880,1
7881,3
7882,0
7883,4
7884,1
7885,4
7886,3
7887,2
7888,1
7889,3
7890,2
7891,1
7892,2
7893,2
7894,3
7895,1
7896,2
7897,2
7898,3
7899,1
7900,1
7901,2
7902,1
7903,3
7904,3
7905,2
7906,4
7907,2
7908,3
7909,2
7910,2
7911,2
7912,3
7913,2
7914,3
7915,2
7916,2
7917,1
7918,1
7919,4
7920,3
7921,2
7922,2
7923,1
7924,2
7925,1
7926,1
7927,0
7928,3
7929,3
7930,1
7931,2
7932,1
7933,2
7934,4
7935,1
7936,2
7937,3
7938,1
7939,2
7940,2
7941,2
7942,2
7943,2
7944,1
7945,2
7946,1
7947,3
7948,1
7949,4
7950,2
7951,2
7952,1
7953,2
7954,2
7955,3
7956,3
7957,1
7958,1
7959,0
7960,1
7961,3
7962,2
7963,3
7964,2
7965,1
7966,3
7967,3
7968,2
7969,0
7970,1
7971,2
7972,3
7973,3
7974,2
7975,2
7976,1
7977,3
7978,1
7979,1
7980,3
7981,2
7982,3
7983,1
7984,2
7985,1
7986,2
7987,2
7988,1
7989,2
7990,2
7991,1
7992,1
7993,1
7994,1
7995,3
7996,2
7997,3
7998,2
7999,2
8000,3
8001,1
8002,2
8003,3
8004,3
8005,1
8006,2
8007,1
8008,2
8009,2
8010,3
8011,2
8012,4
8013,2
8014,3
8015,3
8016,3
8017,1
8018,1
8019,3
8020,4
8021,2
8022,2
8023,2
8024,2
8025,4
8026,0
8027,1
8028,2
8029,2
8030,1
8031,1
8032,2
8033,1
8034,2
8035,2
8036,2
8037,1
8038,1
8039,1
8040,2
8041,3
8042,2
8043,1
8044,2
8045,1
8046,2
8047,1
8048,2
8049,2
8050,2
8051,2
8052,4
8053,2
8054,3
8055,3
8056,1
8057,1
8058,1
8059,1
8060,3
8061,3
8062,4
8063,2
8064,2
8065,3
8066,4
8067,3
8068,1
8069,2
8070,3
8071,3
8072,2
8073,1
8074,2
8075,2
8076,3
8077,1
8078,2
8079,3
8080,3
8081,3
8082,1
8083,2
8084,2
8085,2
8086,1
8087,2
8088,4
8089,1
8090,2
8091,2
8092,2
8093,1
8094,1
8095,2
8096,1
8097,3
8098,1
8099,3
8100,1
8101,2
8102,1
8103,1
8104,0
8105,1
8106,2
8107,2
8108,3
8109,3
8110,0
8111,3
8112,3
8113,3
8114,3
8115,2
8116,2
8117,1
8118,1
8119,2
8120,1
8121,2
8122,1
8123,2
8124,3
8125,2
8126,1
8127,4
8128,0
8129,2
8130,2
8131,2
8132,1
8133,2
8134,2
8135,1
8136,2
8137,1
8138,1
8139,3
8140,3
8141,2
8142,2
8143,2
8144,3
8145,2
8146,1
8147,3
8148,0
8149,1
8150,1
8151,2
8152,0
8153,1
8154,1
8155,3
8156,1
8157,1
8158,3
8159,2
8160,1
8161,2
8162,2
8163,4
8164,0
8165,1
8166,2
8167,2
8168,3
8169,4
8170,3
8171,2
8172,3
8173,2
8174,2
8175,1
8176,2
8177,1
8178,1
8179,3
8180,2
8181,2
8182,1
8183,1
8184,2
8185,4
8186,2
8187,2
8188,1
8189,2
8190,2
8191,2
8192,3
8193,3
8194,2
8195,1
8196,2
8197,2
8198,1
8199,1
8200,1
8201,3
8202,2
8203,4
8204,3
8205,2
8206,3
8207,2
8208,3
8209,0
8210,0
8211,0
8212,2
8213,3
8214,2
8215,2
8216,2
8217,4
8218,2
8219,2
8220,1
8221,1
8222,1
8223,3
8224,0
8225,3
8226,4
8227,2
8228,4
8229,0
8230,4
8231,3
8232,1
8233,3
8234,3
8235,2
8236,1
8237,3
8238,1
8239,3
8240,0
8241,3
8242,1
8243,1
8244,3
8245,1
8246,2
8247,2
8248,3
8249,3
8250,3
8251,2
8252,3
8253,3
8254,2
8255,3
8256,3
8257,2
8258,2
8259,2
8260,1
8261,3
8262,2
8263,0
8264,3
8265,2
8266,0
8267,1
8268,2
8269,3
8270,1
8271,4
8272,1
8273,2
8274,2
8275,2
8276,3
8277,3
8278,4
8279,2
8280,2
8281,1
8282,1
8283,1
8284,3
8285,2
8286,1
8287,2
8288,1
8289,2
8290,4
8291,1
8292,2
8293,3
8294,2
8295,4
8296,2
8297,2
8298,1
8299,1
8300,2
8301,3
8302,3
8303,2
8304,1
8305,1
8306,3
8307,1
8308,3
8309,1
8310,1
8311,2
8312,3
8313,2
8314,2
8315,2
8316,2
8317,2
8318,1
8319,3
8320,2
8321,3
8322,2
8323,3
8324,2
8325,3
8326,3
8327,1
8328,2
8329,3
8330,1
8331,2
8332,4
8333,3
8334,2
8335,1
8336,2
8337,2
8338,3
8339,3
8340,2
8341,1
8342,2
8343,4
8344,4
8345,3
8346,1
8347,3
8348,2
8349,1
8350,1
8351,2
8352,2
8353,3
8354,2
8355,1
8356,2
8357,2
8358,2
8359,3
8360,2
8361,1
8362,3
8363,1
8364,1
8365,2
8366,2
8367,2
8368,0
8369,3
8370,2
8371,1
8372,2
8373,2
8374,1
8375,3
8376,3
8377,3
8378,2
8379,2
8380,2
8381,1
8382,2
8383,2
8384,3
8385,2
8386,2
8387,0
8388,1
8389,1
8390,1
8391,1
8392,3
8393,3
8394,3
8395,0
8396,1
8397,1
8398,1
8399,0
8400,3
8401,1
8402,2
8403,2
8404,3
8405,3
8406,1
8407,3
8408,4
8409,2
8410,2
8411,2
8412,4
8413,3
8414,2
8415,1
8416,3
8417,1
8418,1
8419,2
8420,1
8421,2
8422,2
8423,2
8424,3
8425,3
8426,2
8427,4
8428,3
8429,0
8430,1
8431,1
8432,2
8433,2
8434,2
8435,2
8436,1
8437,4
8438,0
8439,3
8440,0
8441,2
8442,3
8443,3
8444,1
8445,2
8446,1
8447,1
8448,2
8449,3
8450,0
8451,0
8452,2
8453,1
8454,3
8455,2
8456,2
8457,1
8458,2
8459,4
8460,1
8461,2
8462,1
8463,0
8464,4
8465,1
8466,3
8467,4
8468,2
8469,3
8470,4
8471,2
8472,1
8473,2
8474,3
8475,2
8476,1
8477,2
8478,3
8479,1
8480,3
8481,1
8482,2
8483,1
8484,2
8485,1
8486,2
8487,1
8488,3
8489,3
8490,3
8491,3
8492,1
8493,3
8494,3
8495,3
8496,2
8497,3
8498,2
8499,3
8500,0
8501,1
8502,2
8503,2
8504,0
8505,3
8506,2
8507,2
8508,1
8509,2
8510,2
8511,3
8512,3
8513,3
8514,3
8515,3
8516,3
8517,4
8518,1
8519,2
8520,0
8521,2
8522,2
8523,3
8524,3
8525,3
8526,3
8527,3
8528,2
8529,3
8530,2
8531,2
8532,2
8533,2
8534,1
8535,2
8536,0
8537,2
8538,2
8539,3
8540,1
8541,1
8542,1
8543,1
8544,1
8545,2
8546,3
8547,3
8548,1
8549,3
8550,2
8551,2
8552,0
8553,1
8554,2
8555,0
8556,2
8557,2
8558,1
8559,2
8560,3
8561,2
8562,1
8563,3
8564,2
8565,0
8566,3
8567,3
8568,2
8569,2
8570,4
8571,3
8572,3
8573,1
8574,3
8575,0
8576,2
8577,2
8578,3
8579,1
8580,3
8581,1
8582,4
8583,4
8584,2
8585,4
8586,2
8587,0
8588,2
8589,4
8590,2
8591,3
8592,2
8593,2
8594,1
8595,2
8596,1
8597,3
8598,2
8599,2
8600,2
8601,1
8602,3
8603,2
8604,3
8605,1
8606,2
8607,2
8608,2
8609,2
8610,3
8611,3
8612,2
8613,3
8614,2
8615,0
8616,1
8617,4
8618,4
8619,3
8620,2
8621,1
8622,3
8623,2
8624,2
8625,2
8626,1
8627,3
8628,1
8629,1
8630,2
8631,2
8632,2
8633,1
8634,4
8635,3
8636,3
8637,2
8638,2
8639,1
8640,3
8641,1
8642,2
8643,1
8644,1
8645,2
8646,1
8647,3
8648,2
8649,3
8650,3
8651,2
8652,2
8653,3
8654,3
8655,0
8656,2
8657,1
8658,1
8659,0
8660,0
8661,3
8662,3
8663,3
8664,2
8665,4
8666,2
8667,0
8668,3
8669,3
8670,1
8671,2
8672,2
8673,2
8674,2
8675,2
8676,0
8677,2
8678,3
8679,2
8680,2
8681,1
8682,1
8683,0
8684,1
8685,2
8686,2
8687,1
8688,3
8689,3
8690,1
8691,1
8692,4
8693,3
8694,2
8695,1
8696,2
8697,3
8698,2
8699,4
8700,2
8701,2
8702,2
8703,1
8704,1
8705,3
8706,2
8707,2
8708,1
8709,2
8710,4
8711,2
8712,3
8713,2
8714,2
8715,2
8716,2
8717,2
8718,2
8719,2
8720,0
8721,4
8722,1
8723,2
8724,2
8725,1
8726,3
8727,2
8728,1
8729,3
8730,1
8731,2
8732,1
8733,0
8734,4
8735,4
8736,2
8737,0
8738,2
8739,1
8740,3
8741,1
8742,0
8743,1
8744,2
8745,1
8746,1
8747,2
8748,2
8749,2
8750,3
8751,0
8752,1
8753,0
8754,3
8755,2
8756,3
8757,2
8758,3
8759,2
8760,3
8761,4
8762,0
8763,3
8764,2
8765,2
8766,3
8767,3
8768,2
8769,1
8770,3
8771,3
8772,2
8773,3
8774,2
8775,1
8776,3
8777,1
8778,1
8779,2
8780,2
8781,1
8782,3
8783,3
8784,2
8785,2
8786,3
